Key,Status,Applied On,Notes,Bucket,Title,Details,Employer,Location,Drive time,Requirement evidence,Posted,First seen,Last seen,Marked active,URL
PACS Group::JR179656,closed,,,Level I / new grad,RN,,PACS Group,Sunnyvale,30-60,"...d nursing, post-acute, or long-term care setting is highly preferred, but passionate new grads are welcome to apply. Skills: Excellent clinical judgment, strong communication skills, and a ge...",2026-08-24,2026-09-02T08:32:38+00:00,2026-09-02T08:46:16+00:00,,https://pacs.wd108.myworkdayjobs.com/pacs/job/Sunnyvale-Gardens-Post-Acute/RN_JR179656
Alameda Health System::2201399,closed,,,Level I / new grad,AHD Registered Nurse - Park Bridge,Per diem · $67.65–$88.27/hr,Alameda Health System,"2401 Blanding Avenue, Alameda, CA",<30,...lor's degree preferred. Minimum Experience: One year of directly related experience. New graduates will be considered. Required Licenses/Certifications: Valid license to practice as a...,,2026-09-02T08:32:38+00:00,2026-09-08T18:21:10+00:00,,https://alameda-health-system-careers.hctsportals.com/jobs/2201399-ahd-registered-nurse-park-bridge
PACS Group::JR147473,unapplied,,,No experience required,RN,Sonoma Post Acute · Skilled nursing,PACS Group,Sonoma,60-90,"Prior experience in a skilled nursing or long-term care facility preferred, but not required.",2025-08-26,2026-09-02T08:32:38+00:00,2026-09-20T08:50:36+00:00,,https://pacs.wd108.myworkdayjobs.com/pacs/job/Sonoma-Post-Acute/RN_JR147473
PACS Group::JR179445,unapplied,,,Requirements unclear,RN,White Blossom Care Center · Skilled nursing · Full-time · $46–$55/hr,PACS Group,San Jose,60-90,"2 years SNF experience Schedule Full time 4 on 2 off May include weekends, evenings, or",2026-08-21,2026-09-02T08:32:38+00:00,2026-09-20T08:50:36+00:00,,https://pacs.wd108.myworkdayjobs.com/pacs/job/White-Blossom-Care-Center/RN_JR179445
PACS Group::JR176905,unapplied,,,No experience required,RN,Vasona Creek Healthcare Center · Skilled nursing · Full-time · NOC / Night · $48.00–$55.00/hr,PACS Group,Los Gatos,60-90,Skilled nursing or long-term care experience preferred,2026-07-30,2026-09-02T08:32:38+00:00,2026-09-20T08:50:36+00:00,,https://pacs.wd108.myworkdayjobs.com/pacs/job/Vasona-Creek-Healthcare-Center/RN_JR176905
PACS Group::JR179817,closed,,,No experience required,RN,Cypress Ridge Care Center · Skilled nursing · Full-time · AM · $53.00–$55.00/hr,PACS Group,Monterey,90-120,"Experience in skilled nursing, rehabilitation, or long-term care preferred.",2026-08-25,2026-09-02T08:32:38+00:00,2026-09-04T08:14:01+00:00,,https://pacs.wd108.myworkdayjobs.com/pacs/job/Cypress-Ridge-Care-Center/RN_JR179817
PACS Group::JR175934,closed,,,Requirements unclear,RN,Roseville Care Center · Skilled nursing · Full-time · $50.00/hr,PACS Group,Roseville,90-120,Minimum of two (2) years of nursing experience preferred Long-term care or skilled nursing experience pr,2026-07-21,2026-09-02T08:32:38+00:00,2026-09-11T18:27:40+00:00,,https://pacs.wd108.myworkdayjobs.com/pacs/job/Roseville-Care-Center/RN_JR175934
PACS Group::JR174365,unapplied,,,No experience required,NOC RN,Rock Creek Care Center · Skilled nursing · Full-time · NOC · $47/hr,PACS Group,Auburn,90-120,"What We’re Looking For: ✅ Current and in good standing RN license in the State of California ✅ Strong leadership and communication skills ✅ Compassionate, dependable, and committed to resident-centere",2026-07-07,2026-09-02T08:32:38+00:00,2026-09-20T08:50:36+00:00,,https://pacs.wd108.myworkdayjobs.com/pacs/job/Rock-Creek-Care-Center/Registered-Nurse_JR174365
PACS Group::JR155963,unapplied,,,No experience required,RN- part time,Santa Rosa Post Acute · Skilled nursing · Part-time · PM / NOC · $48–$57/hr,PACS Group,Santa Rosa,90-120,"Previous experience in a skilled nursing facility, long-term care, or geriatric care preferred.",2025-12-10,2026-09-02T08:32:38+00:00,2026-09-20T08:50:36+00:00,,https://pacs.wd108.myworkdayjobs.com/pacs/job/Santa-Rosa-Post-Acute/RN--part-time_JR155963
PACS Group::JR155539,unapplied,,,No experience required,RN,Santa Rosa Post Acute · Skilled nursing · Full-time · PM / NOC · $48.00–$57.00/hr,PACS Group,Santa Rosa,90-120,"Previous experience in a skilled nursing facility, long-term care, or geriatric care preferred.",2025-12-04,2026-09-02T08:32:38+00:00,2026-09-20T08:50:36+00:00,,https://pacs.wd108.myworkdayjobs.com/pacs/job/Santa-Rosa-Post-Acute/RN_JR155539
PACS Group::JR179863,unapplied,,,No experience required,Registered Nurse (RN) Part-Time,Shadelands Post Acute · Skilled nursing · Part-time · $45.00–$50.00/hr,PACS Group,Walnut Creek,<30,"What You'll Do: Provide exceptional nursing care to residents Assess, monitor, and document resident conditions Administer medications and treatments according to physician orders Collaborate with phy",2026-08-25,2026-09-02T08:32:38+00:00,2026-09-20T08:50:36+00:00,,https://pacs.wd108.myworkdayjobs.com/pacs/job/Shadelands-Post-Acute/Registered-Nurse--RN--Part-Time_JR179863
PACS Group::JR179833,unapplied,,,No experience required,RN - Full Time,East Bay Post Acute · Skilled nursing · Full-time · AM · $46.00–$47.00/hr,PACS Group,Castro Valley,<30,"Skilled nursing, rehabilitation, or post-acute care experience preferred.",2026-08-25,2026-09-02T08:32:38+00:00,2026-09-20T08:50:36+00:00,,https://pacs.wd108.myworkdayjobs.com/pacs/job/East-Bay-Post-Acute/RN---Full-Time_JR179833
PACS Group::JR179759,unapplied,,,No experience required,RN - SOUTH,All Saints Maubert · Skilled nursing · Full-time · AM / NOC · $39.00–$40.00/hr,PACS Group,San Leandro,<30,Skilled nursing or long-term care experience preferred.,2026-08-25,2026-09-02T08:32:38+00:00,2026-09-20T08:50:36+00:00,,https://pacs.wd108.myworkdayjobs.com/pacs/job/All-Saints-Maubert/RN---SOUTH_JR179759
PACS Group::JR179654,closed,,,No experience required,RN - On Call,Medical Hill Healthcare Center · Skilled nursing · On-call / Per diem · AM / PM / NOC · $51.00–$52.50/hr,PACS Group,Oakland,<30,"What We Offer Competitive pay of $51.00–$52.50 per hour Flexible on-call/per diem scheduling AM, PM & NOC shift opportunities Supportive nursing leadership Collaborative and professional work environm",2026-08-24,2026-09-02T08:32:38+00:00,2026-09-17T19:14:08+00:00,,https://pacs.wd108.myworkdayjobs.com/pacs/job/Medical-Hill-Healthcare-Center/RN---On-Call_JR179654
PACS Group::JR179489,closed,,,No experience required,RN - Full Time,,PACS Group,Walnut Creek,<30,"Position Summary The RN will provide professional nursing care to residents while ensuring their safety, comfort, and overall well-being. The ideal candidate will have strong clinical judgment, excell",2026-08-21,2026-09-02T08:32:38+00:00,2026-09-02T08:46:16+00:00,,https://pacs.wd108.myworkdayjobs.com/pacs/job/Rossmoor-Post-Acute/RN---Full-Time_JR179489
PACS Group::JR176538,closed,,,No experience required,Registered Nurse (RN),City View Post Acute · Skilled nursing · Full-time / Part-time · NOC · $49–$51/hr,PACS Group,San Francisco,<30,LICENSURE: Valid RN license in the state. We are an equal opportunity employer. All qualified applica,2026-07-27,2026-09-02T08:32:38+00:00,2026-09-08T18:21:10+00:00,,https://pacs.wd108.myworkdayjobs.com/pacs/job/City-View-Post-Acute/Registered-Nurse--RN-_JR176538
PACS Group::JR174762,closed,,,No experience required,Registered Nurse (RN) - PRN,St Francis Healthcare Center · Skilled nursing · Per diem · AM / PM / NOC · $50.00/hr,PACS Group,Hayward,<30,"Experience in skilled nursing, post-acute care, or long-term care is preferred but not required.",2026-07-09,2026-09-02T08:32:38+00:00,2026-09-04T18:04:47+00:00,,https://pacs.wd108.myworkdayjobs.com/pacs/job/St-Francis-Healthcare-Center/Registered-Nurse--RN----PRN_JR174762
Sutter Health::R-137822,closed,,,No experience required,"Staff Nurse II, Pre-Registration & Learning Center",,Sutter Health,San Francisco,<30,Acute Care Previous,2026-08-07,2026-09-02T08:32:38+00:00,2026-09-03T16:42:59+00:00,,https://wd1.myworkdaysite.com/recruiting/sutterhealth/SH/job/San-Francisco/Staff-Nurse-II--Pre-Registration---Learning-Center_R-137822-1
El Camino Health::R00017622,closed,,,Requirements unclear,Clinical Nurse II - FT - Days - Imaging RN Support @ MV,,El Camino Health,"Mountain View, CA",30-60,one year of age or greater,2026-08-11,2026-09-02T08:32:38+00:00,2026-09-03T16:42:59+00:00,,https://ech.wd5.myworkdayjobs.com/ech/job/Mountain-View-CA/Clinical-Nurse-II---FT---Days---Imaging-RN-Support---MV_R00017622
Sutter Health::R-137852,unapplied,,,Level II role,"Staff Nurse II, Emergency Services",Full-time · Day / Evening / Night · $80.52–$108.95/hr,Sutter Health,Antioch,30-60,"Staff Nurse II, Emergency Services",2026-08-19,2026-09-02T08:32:38+00:00,2026-09-20T08:50:36+00:00,,https://wd1.myworkdaysite.com/recruiting/sutterhealth/SH/job/Antioch/Staff-Nurse-II--Emergency-Services_R-137852-1
El Camino Health::R00017692,closed,,,Requirements unclear,Clinical Nurse II - PD - Eves - Emergency Room @LG,,El Camino Health,"Los Gatos, CA",60-90,one year of age or greater,2026-09-01,2026-09-02T08:32:38+00:00,2026-09-03T16:42:59+00:00,,https://ech.wd5.myworkdayjobs.com/ech/job/Los-Gatos-CA/Clinical-Nurse-II---PD---Eves---Emergency-Room--LG_R00017692
El Camino Health::R00017691,unapplied,,,Acute care required,Clinical Nurse II - 0.9 - Nights - Emergency Room @ LG,Part-time · Nights · $93.87–$122.62/hr,El Camino Health,"Los Gatos, CA",60-90,Experience Emergency Department Must have recent clinical nursing experience in area of specialty.,2026-09-01,2026-09-02T08:32:38+00:00,2026-09-20T08:50:36+00:00,,https://ech.wd5.myworkdayjobs.com/ech/job/Los-Gatos-CA/Clinical-Nurse-II---09---Nights---Emergency-Room---LG_R00017691
El Camino Health::R00017690,closed,,,Requirements unclear,Clinical Nurse II - 0.6 - Days - Emergency Room @ LG,,El Camino Health,"Los Gatos, CA",60-90,one year of age or greater,2026-09-01,2026-09-02T08:32:38+00:00,2026-09-03T16:42:59+00:00,,https://ech.wd5.myworkdayjobs.com/ech/job/Los-Gatos-CA/Clinical-Nurse-II---06---Days---Emergency-Room---LG_R00017690-1
El Camino Health::R00017683,closed,,,Requirements unclear,Clinical Nurse II - 0.9 - Nights - Emergency @ LG,,El Camino Health,"Los Gatos, CA",60-90,one year of age or greater,2026-09-01,2026-09-02T08:32:38+00:00,2026-09-03T16:42:59+00:00,,https://ech.wd5.myworkdayjobs.com/ech/job/Los-Gatos-CA/Clinical-Nurse-II---09---Nights---Emergency---LG_R00017683
El Camino Health::R00017335,closed,,,Requirements unclear,Clinical Nurse II - 0.6 - Days - Emergency Room @ LG,,El Camino Health,"Los Gatos, CA",60-90,one year of age or greater,2026-08-27,2026-09-02T08:32:38+00:00,2026-09-03T16:42:59+00:00,,https://ech.wd5.myworkdayjobs.com/ech/job/Los-Gatos-CA/Clinical-Nurse-II---06---Days---Emergency-Room---LG_R00017335
PACS Group::JR180581,closed,,,Requirements unclear,Registered Nurse (RN) NOC Shift,Arden Park Post Acute · Skilled nursing · Full-time · NOC · $48–$55/hr,PACS Group,Sacramento,60-90,"Registered Nurse (RN) - NOC Shift Arden Park Post Acute 📍 Sacramento, CA 🌙 NOC / Overnight Shift 💲 $48.00 - $55.00 per hour 🏥 Skilled Nursing & Rehabilitation Join Our NO",2026-09-01,2026-09-02T08:32:38+00:00,2026-09-15T19:04:43+00:00,,https://pacs.wd108.myworkdayjobs.com/pacs/job/Arden-Park-Post-Acute/Registered-Nurse--RN--NOC-Shift_JR180581
PACS Group::JR179616,unapplied,,,Requirements unclear,Registered Nurse (RN),Napa Valley Care Center · Skilled nursing · Full-time / Part-time / Per diem · $45.00–$50.00/hr,PACS Group,Napa,60-90,"Minimum of 2 years of nursing experience , preferably in a Skilled Nursing Facility (SNF), Post-Ac",2026-08-24,2026-09-02T08:32:38+00:00,2026-09-20T08:50:36+00:00,,https://pacs.wd108.myworkdayjobs.com/pacs/job/Napa-Valley-Care-Center/Registered-Nurse--RN-_JR179616
PACS Group::JR174570,unapplied,,,Requirements unclear,RN NOC Shift,Ridgeway Post Acute · Skilled nursing · Full-time · NOC · $45–$50/hr,PACS Group,Petaluma,60-90,1 year of prior experience preferred Prior experience in a Skilled Nursing Facility pr,2026-07-08,2026-09-02T08:32:38+00:00,2026-09-20T08:50:36+00:00,,https://pacs.wd108.myworkdayjobs.com/pacs/job/Ridgeway-Post-Acute/RN-NOC-Shift_JR174570
Sutter Health::R-138565,unapplied,,,Acute care required,"Registered Nurse II, Emergency Department",Full-time · Nights · $74.98–$104.96/hr,Sutter Health,Modesto,60-90,2-year RN experience in an Acute Care Facility,2026-08-20,2026-09-02T08:32:38+00:00,2026-09-20T08:50:36+00:00,,https://wd1.myworkdaysite.com/recruiting/sutterhealth/SH/job/Modesto/Registered-Nurse-II--Emergency-Department_R-138565
PACS Group::JR179699,unapplied,,,Requirements unclear,Part-Time PM Shift Registered Nurse (RN),The Pines at Placerville Healthcare Center · Skilled nursing · Part-time · PM,PACS Group,Placerville,90-120,"2+ years of nursing experience , preferably in skilled nursing or long-term care",2026-08-24,2026-09-02T08:32:38+00:00,2026-09-20T08:50:36+00:00,,https://pacs.wd108.myworkdayjobs.com/pacs/job/The-Pines-at-Placerville-Healthcare-Center/Part-Time-PM-Shift-Registered-Nurse--RN-_JR179699
PACS Group::JR179694,unapplied,,,Requirements unclear,Part-Time NOC Shift Registered Nurse (RN),The Pines at Placerville Healthcare Center · Skilled nursing · Part-time · NOC,PACS Group,Placerville,90-120,"2+ years of nursing experience , preferably in skilled nursing or long-term care",2026-08-24,2026-09-02T08:32:38+00:00,2026-09-20T08:50:36+00:00,,https://pacs.wd108.myworkdayjobs.com/pacs/job/The-Pines-at-Placerville-Healthcare-Center/Part-Time-NOC-Shift-Registered-Nurse--RN-_JR179694
PACS Group::JR174851,unapplied,,,Requirements unclear,Full-Time RN | PM Shift,Westview Healthcare Center · Skilled nursing · Full-time · PM,PACS Group,Auburn,90-120,"Provide RN nursing services in a skilled nursing unit or facility; may include supervision of nurse assistants, medication passes and treatments We are an equal opportuni",2026-07-09,2026-09-02T08:32:38+00:00,2026-09-20T08:50:36+00:00,,https://pacs.wd108.myworkdayjobs.com/pacs/job/Westview-Healthcare-Center/RN_JR174851
PACS Group::JR155609,unapplied,,,Requirements unclear,RN On Call,Western Slope Health Center · Skilled nursing · On-call · $48/hr,PACS Group,Placerville,90-120,Minimum 2 years of nursing experience,2025-12-04,2026-09-02T08:32:38+00:00,2026-09-20T08:50:36+00:00,,https://pacs.wd108.myworkdayjobs.com/pacs/job/Western-Slope-Health-Center/RN-On-Call_JR155609
Sutter Health::R-138783,unapplied,,,Level II role,"Staff Nurse II, Emergency Services",Part-time · Nights · $81.26–$109.95/hr,Sutter Health,Berkeley,<30,"Staff Nurse II, Emergency Services",2026-08-28,2026-09-02T08:32:38+00:00,2026-09-20T08:50:36+00:00,,https://wd1.myworkdaysite.com/recruiting/sutterhealth/SH/job/Berkeley/Staff-Nurse-II--Emergency-Services_R-138783-1
Sutter Health::R-138676,unapplied,,,Level II role,"Staff Nurse II, Neuro ICU",Full-time · Days · $81.26–$109.95/hr,Sutter Health,Castro Valley,<30,"Staff Nurse II, Neuro ICU",2026-08-28,2026-09-02T08:32:38+00:00,2026-09-20T08:50:36+00:00,,https://wd1.myworkdaysite.com/recruiting/sutterhealth/SH/job/Castro-Valley/Staff-Nurse-II--Neuro-ICU_R-138676-1
Sutter Health::R-136008,unapplied,,,Level II role,"Staff Nurse II, Perioperative",Part-time · Varied · $81.26–$109.95/hr,Sutter Health,Castro Valley,<30,"Staff Nurse II, Perioperative",2026-08-18,2026-09-02T08:32:38+00:00,2026-09-20T08:50:36+00:00,,https://wd1.myworkdaysite.com/recruiting/sutterhealth/SH/job/Castro-Valley/Staff-Nurse-II--Perioperative_R-136008-1
Sutter Health::R-137549,unapplied,,,Level II role,"Staff Nurse II, Medical Telemetry",Part-time · Nights · $81.26–$109.95/hr,Sutter Health,Castro Valley,<30,"Staff Nurse II, Medical Telemetry",2026-08-14,2026-09-02T08:32:38+00:00,2026-09-20T08:50:36+00:00,,https://wd1.myworkdaysite.com/recruiting/sutterhealth/SH/job/Castro-Valley/Staff-Nurse-II--Medical-Telemetry_R-137549-1
Sutter Health::R-135777,unapplied,,,Level II role,"Staff Nurse II, ICU/CPU",Part-time · Evenings · $81.26–$109.95/hr,Sutter Health,Oakland,<30,"Staff Nurse II, ICU/CPU",2026-08-13,2026-09-02T08:32:38+00:00,2026-09-20T08:50:36+00:00,,https://wd1.myworkdaysite.com/recruiting/sutterhealth/SH/job/Oakland/Staff-Nurse-II--ICU-CPU_R-135777-1
Sutter Health::R-137230,unapplied,,,Level II role,"Staff Nurse II, Perioperative",Full-time · Varied · $81.26–$109.95/hr,Sutter Health,Castro Valley,<30,"Staff Nurse II, Perioperative",2026-08-12,2026-09-02T08:32:38+00:00,2026-09-20T08:50:36+00:00,,https://wd1.myworkdaysite.com/recruiting/sutterhealth/SH/job/Castro-Valley/Staff-Nurse-II--Perioperative_R-137230-1
Sutter Health::R-136266,closed,,,Requirements unclear,"Staff Nurse II, Operating Room",Full-time · Varied · $81.26–$109.95/hr,Sutter Health,Castro Valley,<30,Minimum two year current experience in area of specialty Required LICENSURES AND CERTIFICATIONS,2026-08-10,2026-09-02T08:32:38+00:00,2026-09-04T07:58:30+00:00,,https://wd1.myworkdaysite.com/recruiting/sutterhealth/SH/job/Castro-Valley/Staff-Nurse-II--Operating-Room_R-136266-1
Sutter Health::R-133919,unapplied,,,Level II role,"Staff Nurse II, ICU/CPU",Part-time · Evenings · $82.89–$112.15/hr,Sutter Health,Oakland,<30,"Staff Nurse II, ICU/CPU",2026-08-06,2026-09-02T08:32:38+00:00,2026-09-20T08:50:36+00:00,,https://wd1.myworkdaysite.com/recruiting/sutterhealth/SH/job/Oakland/Staff-Nurse-II--ICU-CPU_R-133919-1
Sutter Health::R-136311,closed,,,Requirements unclear,"Staff Nurse II, Neuro ICU",Part-time · Nights · $81.26–$109.95/hr,Sutter Health,Castro Valley,<30,Minimum two year current experience in area of specialty Required LICENSURES AND CERTIFICATIONS,2026-08-06,2026-09-02T08:32:38+00:00,2026-09-04T07:58:30+00:00,,https://wd1.myworkdaysite.com/recruiting/sutterhealth/SH/job/Castro-Valley/Staff-Nurse-II--Neuro-ICU_R-136311-1
Sutter Health::R-136310,unapplied,,,Level II role,"Staff Nurse II, Neuro ICU",Part-time · Days · $81.26–$109.95/hr,Sutter Health,Castro Valley,<30,"Staff Nurse II, Neuro ICU",2026-08-06,2026-09-02T08:32:38+00:00,2026-09-20T08:50:36+00:00,,https://wd1.myworkdaysite.com/recruiting/sutterhealth/SH/job/Castro-Valley/Staff-Nurse-II--Neuro-ICU_R-136310-1
Sutter Health::R-136551,unapplied,,,Level II role,"Staff Nurse II, Emergency Services FLEX Position",Part-time · Nights · $81.26–$109.95/hr,Sutter Health,Oakland,<30,"Staff Nurse II, Emergency Services FLEX Position",2026-08-03,2026-09-02T08:32:38+00:00,2026-09-20T08:50:36+00:00,,https://wd1.myworkdaysite.com/recruiting/sutterhealth/SH/job/Oakland/Staff-Nurse-II--Emergency-Services-FLEX-Position_R-136551-1
Sutter Health::R-135846,unapplied,,,Level II role,"Staff Nurse II, ICU/CPU",Part-time · Evenings · $81.26–$109.95/hr,Sutter Health,Oakland,<30,"Staff Nurse II, ICU/CPU",2026-07-27,2026-09-02T08:32:38+00:00,2026-09-20T08:50:36+00:00,,https://wd1.myworkdaysite.com/recruiting/sutterhealth/SH/job/Oakland/Staff-Nurse-II--ICU-CPU_R-135846-1
Sutter Health::R-135845,unapplied,,,Level II role,"Staff Nurse II, ICU/CPU",Part-time · Nights · $81.26–$109.95/hr,Sutter Health,Oakland,<30,"Staff Nurse II, ICU/CPU",2026-07-27,2026-09-02T08:32:38+00:00,2026-09-20T08:50:36+00:00,,https://wd1.myworkdaysite.com/recruiting/sutterhealth/SH/job/Oakland/Staff-Nurse-II--ICU-CPU_R-135845-1
Sutter Health::R-127668,unapplied,,,Level II role,"Registered Nurse II, Medical Surgical/Telemetry Float",Full-time · Evening / Night · $86.14–$116.55/hr,Sutter Health,Castro Valley,<30,"Registered Nurse II, Medical Surgical/Telemetry Float",2026-07-24,2026-09-02T08:32:38+00:00,2026-09-20T08:50:36+00:00,,https://wd1.myworkdaysite.com/recruiting/sutterhealth/SH/job/Castro-Valley/Registered-Nurse-II--Medical-Surgical-Telemetry-Float_R-127668-1
Sutter Health::R-135110,unapplied,,,Level II role,"Staff Nurse II, Neurosciences/Stepdown",Part-time · Nights · $81.26–$109.95/hr,Sutter Health,Castro Valley,<30,"Staff Nurse II, Neurosciences/Stepdown",2026-07-24,2026-09-02T08:32:38+00:00,2026-09-20T08:50:36+00:00,,https://wd1.myworkdaysite.com/recruiting/sutterhealth/SH/job/Castro-Valley/Staff-Nurse-II--Neurosciences-Stepdown_R-135110-1
Sutter Health::R-139828,closed,,,"Experience required, not acute","Registered Nurse Specialist II, Cardiac Cath",,Sutter Health,Burlingame,30-60,2 years of recent relevant Cardiac Cath Lab experience,2026-09-01,2026-09-02T08:32:38+00:00,2026-09-02T08:46:16+00:00,,https://wd1.myworkdaysite.com/recruiting/sutterhealth/SH/job/Burlingame/Registered-Nurse-Specialist-II--Cardiac-Cath_R-139828-1
Sutter Health::R-139275,closed,,,"Experience required, not acute","Registered Nurse, Birthing Center",Part-time · Nights · $66.40–$90.82/hr,Sutter Health,Tracy,30-60,2 years of recent relevant experience,2026-08-26,2026-09-02T08:32:38+00:00,2026-09-14T20:09:27+00:00,,https://wd1.myworkdaysite.com/recruiting/sutterhealth/SH/job/Tracy/Registered-Nurse--Birthing-Center_R-139275
Sutter Health::R-131435,closed,,,Requirements unclear,"Registered Nurse II, Urgent Care",Part-time · Varied · $75.49–$101.38/hr,Sutter Health,Palo Alto,30-60,One year of clinical experience Recent experience is strongly preferred SKILLS AND KNOWL,2026-08-25,2026-09-02T08:32:38+00:00,2026-09-04T07:58:30+00:00,,https://wd1.myworkdaysite.com/recruiting/sutterhealth/SH/job/Palo-Alto/Registered-Nurse-II--Urgent-Care_R-131435-1
Sutter Health::R-138620,closed,,,"Experience required, not acute","Registered Nurse II, Endoscopy",Full-time · Varied · $66.40–$90.82/hr,Sutter Health,Tracy,30-60,2 years of recent relevant experience,2026-08-25,2026-09-02T08:32:38+00:00,2026-09-04T07:58:30+00:00,,https://wd1.myworkdaysite.com/recruiting/sutterhealth/SH/job/Tracy/Registered-Nurse-II--Endoscopy_R-138620
Sutter Health::R-138642,closed,,,"Experience required, not acute","Registered Nurse IV, Oncology Hematology",Full-time · Days · $79.69–$104.83/hr,Sutter Health,Fremont,30-60,Job Description : EDUCATION Graduate of an accredited school of nursing CERTIFICATION & LICENSURE: RN-Registered Nurse of California BLS-Basic Life Support Healthcare Provider ONS-Oncology Nursing Soc,2026-08-24,2026-09-02T08:32:38+00:00,2026-09-04T07:58:30+00:00,,https://wd1.myworkdaysite.com/recruiting/sutterhealth/SH/job/Fremont/Registered-Nurse-IV--Oncology-Hematology_R-138642-1
Sutter Health::R-138435,closed,,,"Experience required, not acute","Staff Nurse II, Med Surg",Part-time · Nights · $80.52–$108.95/hr,Sutter Health,Novato,30-60,2 years of recent relevant experience,2026-08-24,2026-09-02T08:32:38+00:00,2026-09-04T07:58:30+00:00,,https://wd1.myworkdaysite.com/recruiting/sutterhealth/SH/job/Novato/Staff-Nurse-II--Med-Surg_R-138435-1
Sutter Health::R-127457,closed,,,"Experience required, not acute","Staff Nurse II, Med Surg",Part-time · Nights · $80.52–$108.95/hr,Sutter Health,Novato,30-60,2 years of recent relevant experience,2026-08-18,2026-09-02T08:32:38+00:00,2026-09-04T07:58:30+00:00,,https://wd1.myworkdaysite.com/recruiting/sutterhealth/SH/job/Novato/Staff-Nurse-II--Med-Surg_R-127457-1
Sutter Health::R-135111,closed,,,"Experience required, not acute","Staff Nurse II, Critical Care Unit",,Sutter Health,Vallejo,30-60,2 years of recent relevant experience,2026-08-07,2026-09-02T08:32:38+00:00,2026-09-02T08:46:16+00:00,,https://wd1.myworkdaysite.com/recruiting/sutterhealth/SH/job/Vallejo/Staff-Nurse-II--Critical-Care-Unit_R-135111-1
PACS Group::JR179199,unapplied,,,"Experience required, not acute",RN All Shifts Full-Time,Garden City Healthcare Center · Skilled nursing · Full-time · NOC · $40.00–$45.00/hr,PACS Group,Modesto,60-90,Essential Duties and Responsibilities Administrative & Leadership Functions Assist the Director of Nursing (DON) and/or ADON with oversight of nursing services during the NOC shift Ensure nursing staf,2026-08-24,2026-09-02T08:32:38+00:00,2026-09-20T08:50:36+00:00,,https://pacs.wd108.myworkdayjobs.com/pacs/job/Garden-City-Healthcare-Center/RN-NOC-Shift-Full-Time_JR179199
PACS Group::JR179198,unapplied,,,"Experience required, not acute",RN NOC Per Diem,Garden City Healthcare Center · Skilled nursing · Per diem · NOC · $40.00–$45.00/hr,PACS Group,Modesto,60-90,Essential Duties and Responsibilities Administrative & Leadership Functions Assist the Director of Nursing (DON) and/or ADON with oversight of nursing services during the NOC shift Ensure nursing staf,2026-08-19,2026-09-02T08:32:38+00:00,2026-09-20T08:50:36+00:00,,https://pacs.wd108.myworkdayjobs.com/pacs/job/Garden-City-Healthcare-Center/RN-NOC-Per-Diem_JR179198
PACS Group::JR177157,unapplied,,,"Experience required, not acute",RN Weekend Desk,McKinley Park Care Center · Skilled nursing,PACS Group,Sacramento,60-90,2 years or more experience preferably in a long-term care facility.,2026-08-03,2026-09-02T08:32:38+00:00,2026-09-20T08:50:36+00:00,,https://pacs.wd108.myworkdayjobs.com/pacs/job/McKinley-Park-Care-Center/RN-Weekend-Desk_JR177157-1
PACS Group::JR164288,unapplied,,,"Experience required, not acute",Registered Nurse,North Pointe Care Center · Skilled nursing,PACS Group,Sacramento,60-90,2 years or more experience preferably in a long-term care facility.,2026-03-13,2026-09-02T08:32:38+00:00,2026-09-20T08:50:36+00:00,,https://pacs.wd108.myworkdayjobs.com/pacs/job/North-Pointe-Care-Center/Registered-Nursing_JR164288
Sutter Health::R-138923,closed,,,"Experience required, not acute","Registered Nurse, Sutter Center for Psychiatry",,Sutter Health,Sacramento,60-90,2 years of recent relevant experience,2026-09-01,2026-09-02T08:32:38+00:00,2026-09-02T08:46:16+00:00,,https://wd1.myworkdaysite.com/recruiting/sutterhealth/SH/job/Sacramento/Registered-Nurse--Sutter-Center-for-Psychiatry_R-138923
Sutter Health::R-138156,closed,,,"Experience required, not acute","Registered Nurse II, Urgent Care Per Diem",Per diem · Varied · $86.27–$120.77/hr,Sutter Health,Los Gatos,60-90,Two years recent relevant experience,2026-08-31,2026-09-02T08:32:38+00:00,2026-09-04T07:58:30+00:00,,https://wd1.myworkdaysite.com/recruiting/sutterhealth/SH/job/Los-Gatos/Registered-Nurse-II--Urgent-Care-Per-Diem_R-138156-1
Sutter Health::R-139446,closed,,,"Experience required, not acute","Registered Nurse II, Labor and Delivery",Full-time · Nights · $74.98–$104.96/hr,Sutter Health,Modesto,60-90,2 years of recent relevant experience,2026-08-31,2026-09-02T08:32:38+00:00,2026-09-04T07:58:30+00:00,,https://wd1.myworkdaysite.com/recruiting/sutterhealth/SH/job/Modesto/Registered-Nurse-II--Labor-and-Delivery_R-139446
Sutter Health::R-138871,closed,,,"Experience required, not acute","Registered Nurse II, Neonatal ICU",,Sutter Health,Sacramento,60-90,2 years nursing,2026-08-28,2026-09-02T08:32:38+00:00,2026-09-03T16:42:59+00:00,,https://wd1.myworkdaysite.com/recruiting/sutterhealth/SH/job/Sacramento/Registered-Nurse-II--Neonatal-ICU_R-138871
Sutter Health::R-139025,unapplied,,,Level II role,"Registered Nurse II, Labor & Delivery",Full-time · Nights · $82.48–$115.46/hr,Sutter Health,Sacramento,60-90,"Registered Nurse II, Labor & Delivery",2026-08-27,2026-09-02T08:32:38+00:00,2026-09-20T08:50:36+00:00,,https://wd1.myworkdaysite.com/recruiting/sutterhealth/SH/job/Sacramento/Registered-Nurse-II--Labor---Delivery_R-139025
Sutter Health::R-139077,closed,,,"Experience required, not acute","Registered Nurse II, Pediatrics",,Sutter Health,Sacramento,60-90,2 years of recent relevant experience.,2026-08-26,2026-09-02T08:32:38+00:00,2026-09-03T18:29:52+00:00,,https://wd1.myworkdaysite.com/recruiting/sutterhealth/SH/job/Sacramento/Registered-Nurse-II--Pediatrics_R-139077
Sutter Health::R-135933,closed,,,"Experience required, not acute","Registered Nurse II, Neonatal ICU",Part-time · Nights · $74.98–$104.96/hr,Sutter Health,Modesto,60-90,2 years of recent relevant experience.,2026-08-26,2026-09-02T08:32:38+00:00,2026-09-04T07:58:30+00:00,,https://wd1.myworkdaysite.com/recruiting/sutterhealth/SH/job/Modesto/Registered-Nurse-II--Neonatal-ICU_R-135933
Sutter Health::R-138994,closed,,,"Experience required, not acute","Registered Nurse II, Pediatrics ICU / Peds CVICU",Part-time · Nights · $82.48–$115.46/hr,Sutter Health,Sacramento,60-90,2 years of recent relevant experience.,2026-08-26,2026-09-02T08:32:38+00:00,2026-09-04T07:58:30+00:00,,https://wd1.myworkdaysite.com/recruiting/sutterhealth/SH/job/Sacramento/Registered-Nurse-II--Pediatrics-ICU---Peds-CVICU_R-138994
Sutter Health::R-138402,closed,,,"Experience required, not acute","Staff Nurse II, Birthing Center",Full-time · Nights · $76.40–$101.18/hr,Sutter Health,Davis,60-90,2 years of recent relevant experience.,2026-08-26,2026-09-02T08:32:38+00:00,2026-09-04T07:58:30+00:00,,https://wd1.myworkdaysite.com/recruiting/sutterhealth/SH/job/Davis/Staff-Nurse-II--Birthing-Center_R-138402
Sutter Health::R-135952,closed,,,"Experience required, not acute","Registered Nurse II, Labor & Delivery",,Sutter Health,Sacramento,60-90,2 years of recent relevant experience.,2026-08-24,2026-09-02T08:32:38+00:00,2026-09-03T18:29:52+00:00,,https://wd1.myworkdaysite.com/recruiting/sutterhealth/SH/job/Sacramento/Registered-Nurse-II--Labor---Delivery_R-135952
Sutter Health::R-138497,closed,,,"Experience required, not acute","Registered Nurse II, Operating Room",Part-time · Varied · $76.40–$101.18/hr,Sutter Health,Davis,60-90,2 years of recent relevant experience,2026-08-24,2026-09-02T08:32:38+00:00,2026-09-04T07:58:30+00:00,,https://wd1.myworkdaysite.com/recruiting/sutterhealth/SH/job/Davis/Registered-Nurse-II--Operating-Room_R-138497
Sutter Health::R-132450,closed,,,"Experience required, not acute","Registered Nurse II, Infusion",,Sutter Health,Sacramento,60-90,2 years of recent relevant experience,2026-08-21,2026-09-02T08:32:38+00:00,2026-09-03T18:29:52+00:00,,https://wd1.myworkdaysite.com/recruiting/sutterhealth/SH/job/Sacramento/Registered-Nurse-II--Infusion_R-132450
Sutter Health::R-138278,closed,,,"Experience required, not acute","Registered Nurse, Emergency - Limited Term",Full-time · Varied · $76.40–$101.18/hr,Sutter Health,Davis,60-90,2 years of recent relevant experience.,2026-08-21,2026-09-02T08:32:38+00:00,2026-09-09T23:16:02+00:00,,https://wd1.myworkdaysite.com/recruiting/sutterhealth/SH/job/Davis/Registered-Nurse--Emergency---Limited-Term_R-138278
Sutter Health::R-137930,unapplied,,,Acute care required,"Registered Nurse II, Intensive Care Unit",Full-time · Nights · $74.98–$104.96/hr,Sutter Health,Modesto,60-90,Additional Requirements: EDUCATION Graduate of an acrredited school of nursing CERTIFICATION AND LICENSURE RN-Registered Nurse of California BLS-Basic Life Support Healthcare Provider PALS - PALS-Pedi,2026-08-21,2026-09-02T08:32:38+00:00,2026-09-20T08:50:36+00:00,,https://wd1.myworkdaysite.com/recruiting/sutterhealth/SH/job/Modesto/Registered-Nurse-II--Intensive-Care-Unit_R-137930
Sutter Health::R-138284,closed,,,"Experience required, not acute","Registered Nurse, Emergency",Full-time · Varied · $76.40–$101.18/hr,Sutter Health,Davis,60-90,2 years of recent relevant experience.,2026-08-21,2026-09-02T08:32:38+00:00,2026-09-09T23:16:02+00:00,,https://wd1.myworkdaysite.com/recruiting/sutterhealth/SH/job/Davis/Registered-Nurse--Emergency_R-138284-1
Sutter Health::R-138661,closed,,,"Experience required, not acute","Registered Nurse II, Neonatal ICU",Full-time · Days · $74.98–$104.96/hr,Sutter Health,Modesto,60-90,2 years of recent relevant experience.,2026-08-21,2026-09-02T08:32:38+00:00,2026-09-04T07:58:30+00:00,,https://wd1.myworkdaysite.com/recruiting/sutterhealth/SH/job/Modesto/Registered-Nurse-II--Neonatal-ICU_R-138661
Sutter Health::R-138564,unapplied,,,Acute care required,"Registered Nurse II, Emergency Department",Full-time · Nights · $74.98–$104.96/hr,Sutter Health,Modesto,60-90,2 year RN experience in an Acute Care Facility,2026-08-20,2026-09-02T08:32:38+00:00,2026-09-20T08:50:36+00:00,,https://wd1.myworkdaysite.com/recruiting/sutterhealth/SH/job/Modesto/Registered-Nurse-II--Emergency-Department_R-138564
Sutter Health::R-138666,unapplied,,,Acute care required,"Registered Nurse II, Emergency Department",Full-time · Nights · $74.98–$104.96/hr,Sutter Health,Modesto,60-90,2 year RN experience in an Acute Care Facility,2026-08-20,2026-09-02T08:32:38+00:00,2026-09-20T08:50:36+00:00,,https://wd1.myworkdaysite.com/recruiting/sutterhealth/SH/job/Modesto/Registered-Nurse-II--Emergency-Department_R-138666
Sutter Health::R-138071,closed,,,"Experience required, not acute","Registered Nurse II, Infusion",,Sutter Health,Santa Cruz,60-90,One year of Chemotherapy/Infusion Experience,2026-08-19,2026-09-02T08:32:38+00:00,2026-09-03T23:01:08+00:00,,https://wd1.myworkdaysite.com/recruiting/sutterhealth/SH/job/Santa-Cruz/Registered-Nurse-II--Infusion_R-138071-1
Sutter Health::R-138420,closed,,,"Experience required, not acute","Registered Nurse II, Cath Lab",Full-time · Days · $74.98–$104.96/hr,Sutter Health,Modesto,60-90,2 years of recent relevant experience,2026-08-18,2026-09-02T08:32:38+00:00,2026-09-04T07:58:30+00:00,,https://wd1.myworkdaysite.com/recruiting/sutterhealth/SH/job/Modesto/Registered-Nurse-II--Cath-Lab_R-138420-1
Sutter Health::R-137931,unapplied,,,Acute care required,"Registered Nurse II, Intensive Care Unit",Full-time · Days · $0.00–$0.00/hr,Sutter Health,Modesto,60-90,Additional Requirements: EDUCATION Graduate of an acrredited school of nursing CERTIFICATION AND LICENSURE RN-Registered Nurse of California BLS-Basic Life Support Healthcare Provider PALS - PALS-Pedi,2026-08-13,2026-09-02T08:32:38+00:00,2026-09-20T08:50:36+00:00,,https://wd1.myworkdaysite.com/recruiting/sutterhealth/SH/job/Modesto/Registered-Nurse-II--Intensive-Care-Unit_R-137931
Sutter Health::R-138098,unapplied,,,Level II role,"Registered Nurse II, Wound Care",Part-time · Days · $76.40–$101.18/hr,Sutter Health,Davis,60-90,"Registered Nurse II, Wound Care",2026-08-12,2026-09-02T08:32:38+00:00,2026-09-20T08:50:36+00:00,,https://wd1.myworkdaysite.com/recruiting/sutterhealth/SH/job/Davis/Registered-Nurse-II--Wound-Care_R-138098
Sutter Health::R-136908,closed,,,"Experience required, not acute","RN, CWOCN, Certified Wound Care Nurse Lead, Home Health",Full-time · Days · $74.74–$104.64/hr,Sutter Health,Sacramento,60-90,8 years of recent relevant experience,2026-08-03,2026-09-02T08:32:38+00:00,2026-09-09T18:31:48+00:00,,https://wd1.myworkdaysite.com/recruiting/sutterhealth/SH/job/Sacramento/RN--CWOCN--Certified-Wound-Care-Nurse-Lead--Home-Health_R-136908
Sutter Health::R-133554,unapplied,,,Level II role,"Registered Nurse II, Interventional Radiology",Full-time · Days · $82.48–$115.46/hr,Sutter Health,Sacramento,60-90,"Registered Nurse II, Interventional Radiology",2026-07-30,2026-09-02T08:32:38+00:00,2026-09-20T08:50:36+00:00,,https://wd1.myworkdaysite.com/recruiting/sutterhealth/SH/job/Sacramento/Registered-Nurse-II--Interventional-Radiology_R-133554
Sutter Health::R-133551,closed,,,"Experience required, not acute","Registered Nurse II, Interventional Radiology",Full-time · Days · $82.48–$115.46/hr,Sutter Health,Sacramento,60-90,2 years of recent relevant experience,2026-07-22,2026-09-02T08:32:38+00:00,2026-09-04T07:58:30+00:00,,https://wd1.myworkdaysite.com/recruiting/sutterhealth/SH/job/Sacramento/Registered-Nurse-II--Interventional-Radiology_R-133551
PACS Group::JR179701,unapplied,,,Requirements unclear,On-Call Registered Nurse (RN),The Pines at Placerville Healthcare Center · Skilled nursing · On-call / Per diem,PACS Group,Placerville,90-120,"2+ years of nursing experience , preferably in skilled nursing or long-term care",2026-08-24,2026-09-02T08:32:38+00:00,2026-09-20T08:50:36+00:00,,https://pacs.wd108.myworkdayjobs.com/pacs/job/The-Pines-at-Placerville-Healthcare-Center/On-Call-Registered-Nurse--RN-_JR179701-1
PACS Group::JR173595,unapplied,,,"Experience required, not acute",Part time RN,Whitney Oaks Care Center · Skilled nursing · Part-time,PACS Group,Carmichael,90-120,2 years or more experience preferably in a long-term care facility.,2026-06-25,2026-09-02T08:32:38+00:00,2026-09-20T08:50:36+00:00,,https://pacs.wd108.myworkdayjobs.com/pacs/job/Whitney-Oaks-Care-Center/Part-time-RN_JR173595
Sutter Health::R-139208,closed,,,"Experience required, not acute","Registered Nurse, Home Health",Full-time · Days · $62.57–$77.40/hr,Sutter Health,Auburn,90-120,5 years recent relevant experience,2026-08-26,2026-09-02T08:32:38+00:00,2026-09-04T18:04:47+00:00,,https://wd1.myworkdaysite.com/recruiting/sutterhealth/SH/job/Auburn/Registered-Nurse--Home-Health_R-139208
Sutter Health::R-139096,closed,,,"Experience required, not acute","RN, Hospital Liaison, Hospice .8",,Sutter Health,Santa Rosa,90-120,5 years recent relevant,2026-08-26,2026-09-02T08:32:38+00:00,2026-09-02T08:46:16+00:00,,https://wd1.myworkdaysite.com/recruiting/sutterhealth/SH/job/Santa-Rosa/RN--Hospital-Liaison--Hospice-8_R-139096
Sutter Health::R-137055,unapplied,,,Level II role,"Staff Nurse II, Labor & Delivery",Part-time · Nights · $77.29–$102.55/hr,Sutter Health,Santa Rosa,90-120,"Staff Nurse II, Labor & Delivery",2026-08-18,2026-09-02T08:32:38+00:00,2026-09-20T08:50:36+00:00,,https://wd1.myworkdaysite.com/recruiting/sutterhealth/SH/job/Santa-Rosa/Staff-Nurse-II--Labor---Delivery_R-137055-1
Sutter Health::R-134548,closed,,,"Experience required, not acute","Lead Wound Care RN (CWON), Home Health",Full-time · Days · $78.49–$109.88/hr,Sutter Health,Santa Rosa,90-120,8 years of recent relevant experience,2026-08-18,2026-09-02T08:32:38+00:00,2026-09-09T18:31:48+00:00,,https://wd1.myworkdaysite.com/recruiting/sutterhealth/SH/job/Santa-Rosa/Lead-Wound-Care-RN--CWON---Home-Health_R-134548
Sutter Health::R-130687,unapplied,,,Level II role,"Staff Nurse II, Surgery",Part-time · Varied · $77.29–$102.55/hr,Sutter Health,Santa Rosa,90-120,"Staff Nurse II, Surgery",2026-08-16,2026-09-02T08:32:38+00:00,2026-09-20T08:50:36+00:00,,https://wd1.myworkdaysite.com/recruiting/sutterhealth/SH/job/Santa-Rosa/Staff-Nurse-II--Surgery_R-130687-1
Sutter Health::R-132872,unapplied,,,Level II role,"Staff Nurse II, Surgery",Full-time · Varied · $77.29–$102.55/hr,Sutter Health,Santa Rosa,90-120,"Staff Nurse II, Surgery",2026-08-12,2026-09-02T08:32:38+00:00,2026-09-20T08:50:36+00:00,,https://wd1.myworkdaysite.com/recruiting/sutterhealth/SH/job/Santa-Rosa/Staff-Nurse-II--Surgery_R-132872-1
Alameda Health System::2222402,closed,,,"Experience required, not acute",Clinical Nurse II,,Alameda Health System,"13855 East 14th Street, San Leandro, CA",<30,Six months,,2026-09-02T08:32:38+00:00,2026-09-03T16:42:59+00:00,,https://alameda-health-system-careers.hctsportals.com/jobs/2222402-clinical-nurse-ii
Alameda Health System::2222134,closed,,,"Experience required, not acute",Clinical Nurse II,,Alameda Health System,"1411 East 31st Street, Oakland, CA",<30,Six months,,2026-09-02T08:32:38+00:00,2026-09-03T16:42:59+00:00,,https://alameda-health-system-careers.hctsportals.com/jobs/2222134-clinical-nurse-ii
Alameda Health System::2222133,closed,,,"Experience required, not acute",Clinical Nurse II,,Alameda Health System,"1411 East 31st Street, Oakland, CA",<30,Six months,,2026-09-02T08:32:38+00:00,2026-09-03T16:42:59+00:00,,https://alameda-health-system-careers.hctsportals.com/jobs/2222133-clinical-nurse-ii
Alameda Health System::2222132,closed,,,"Experience required, not acute",Clinical Nurse II,,Alameda Health System,"1411 East 31st Street, Oakland, CA",<30,Six months,,2026-09-02T08:32:38+00:00,2026-09-03T16:42:59+00:00,,https://alameda-health-system-careers.hctsportals.com/jobs/2222132-clinical-nurse-ii
Alameda Health System::2222131,closed,,,"Experience required, not acute",Clinical Nurse II,,Alameda Health System,"1411 East 31st Street, Oakland, CA",<30,Six months,,2026-09-02T08:32:38+00:00,2026-09-03T16:42:59+00:00,,https://alameda-health-system-careers.hctsportals.com/jobs/2222131-clinical-nurse-ii
Alameda Health System::2222060,unapplied,,,Level II role,Clinical Nurse II,,Alameda Health System,"13855 East 14th Street, San Leandro, CA",<30,Clinical Nurse II,,2026-09-02T08:32:38+00:00,2026-09-20T08:50:36+00:00,,https://alameda-health-system-careers.hctsportals.com/jobs/2222060-clinical-nurse-ii
Alameda Health System::2222039,closed,,,"Experience required, not acute",Clinical Nurse II,,Alameda Health System,"1411 East 31st Street, Oakland, CA",<30,Six months,,2026-09-02T08:32:38+00:00,2026-09-03T16:42:59+00:00,,https://alameda-health-system-careers.hctsportals.com/jobs/2222039-clinical-nurse-ii
Alameda Health System::2222037,closed,,,"Experience required, not acute",Clinical Nurse II,,Alameda Health System,"1411 East 31st Street, Oakland, CA",<30,Six months,,2026-09-02T08:32:38+00:00,2026-09-03T16:42:59+00:00,,https://alameda-health-system-careers.hctsportals.com/jobs/2222037-clinical-nurse-ii
Alameda Health System::2222007,closed,,,"Experience required, not acute",Clinical Nurse II,,Alameda Health System,"1411 East 31st Street, Oakland, CA",<30,Six months,,2026-09-02T08:32:38+00:00,2026-09-03T16:42:59+00:00,,https://alameda-health-system-careers.hctsportals.com/jobs/2222007-clinical-nurse-ii
Alameda Health System::2222005,closed,,,"Experience required, not acute",Clinical Nurse II,,Alameda Health System,"1411 East 31st Street, Oakland, CA",<30,Six months,,2026-09-02T08:32:38+00:00,2026-09-03T16:42:59+00:00,,https://alameda-health-system-careers.hctsportals.com/jobs/2222005-clinical-nurse-ii
Alameda Health System::2221393,closed,,,"Experience required, not acute",SLH RN II,,Alameda Health System,"13855 East 14th Street, San Leandro, CA",<30,Six months,,2026-09-02T08:32:38+00:00,2026-09-03T16:42:59+00:00,,https://alameda-health-system-careers.hctsportals.com/jobs/2221393-slh-rn-ii
Alameda Health System::2221370,unapplied,,,Acute care required,SLH RN II,Part-time · $77.55–$99.46/hr,Alameda Health System,"13855 East 14th Street, San Leandro, CA",<30,Six months experience as a Registered Nurse I with AHS or the equivalent of one year full time recent experience at a comparable level in a minimum 100-bed hospital or in the area of specialty;,,2026-09-02T08:32:38+00:00,2026-09-20T08:50:36+00:00,,https://alameda-health-system-careers.hctsportals.com/jobs/2221370-slh-rn-ii
Alameda Health System::2221366,closed,,,"Experience required, not acute",Clinical Nurse II,,Alameda Health System,"6955 Foothill Blvd, Oakland, CA",<30,Six months,,2026-09-02T08:32:38+00:00,2026-09-03T16:42:59+00:00,,https://alameda-health-system-careers.hctsportals.com/jobs/2221366-clinical-nurse-ii
Alameda Health System::2221316,closed,,,"Experience required, not acute",Clinical Nurse II,$78.14–$114.54/hr,Alameda Health System,"2060 Fairmont Drive, San Leandro, CA",<30,The CN II level is the journey level class where incumbents have had the required professional nursing experience and are capable of independently performing the full range of clinical nursing service,,2026-09-02T08:32:38+00:00,2026-09-04T07:58:30+00:00,,https://alameda-health-system-careers.hctsportals.com/jobs/2221316-clinical-nurse-ii
Alameda Health System::2221285,unapplied,,,Acute care required,Clinical Nurse II,Full-time · $78.14–$114.54/hr,Alameda Health System,"2060 Fairmont Drive, San Leandro, CA",<30,Six months experience as a Clinical Nurse I with AHS or the equivalent of one year full time recent experience at a comparable level in a minimum 100-bed hospital or in the area of specialty;,,2026-09-02T08:32:38+00:00,2026-09-20T08:50:36+00:00,,https://alameda-health-system-careers.hctsportals.com/jobs/2221285-clinical-nurse-ii
Alameda Health System::2221260,closed,,,"Experience required, not acute",Clinical Nurse II,,Alameda Health System,"1411 East 31st Street, Oakland, CA",<30,Six months,,2026-09-02T08:32:38+00:00,2026-09-03T16:42:59+00:00,,https://alameda-health-system-careers.hctsportals.com/jobs/2221260-clinical-nurse-ii
Alameda Health System::2220819,unapplied,,,Acute care required,SLH RN II,Part-time · $77.55–$99.46/hr,Alameda Health System,"13855 East 14th Street, San Leandro, CA",<30,Six months experience as a Registered Nurse I with AHS or the equivalent of one year full time recent experience at a comparable level in a minimum 100-bed hospital or in the area of specialty;,,2026-09-02T08:32:38+00:00,2026-09-20T08:50:36+00:00,,https://alameda-health-system-careers.hctsportals.com/jobs/2220819-slh-rn-ii
Alameda Health System::2220808,unapplied,,,Acute care required,SLH RN II,Part-time · $77.55–$99.46/hr,Alameda Health System,"13855 East 14th Street, San Leandro, CA",<30,Six months experience as a Registered Nurse I with AHS or the equivalent of one year full time recent experience at a comparable level in a minimum 100-bed hospital or in the area of specialty;,,2026-09-02T08:32:38+00:00,2026-09-20T08:50:36+00:00,,https://alameda-health-system-careers.hctsportals.com/jobs/2220808-slh-rn-ii
Alameda Health System::2220807,closed,,,"Experience required, not acute",SLH RN II,,Alameda Health System,"13855 East 14th Street, San Leandro, CA",<30,Six months,,2026-09-02T08:32:38+00:00,2026-09-03T16:42:59+00:00,,https://alameda-health-system-careers.hctsportals.com/jobs/2220807-slh-rn-ii
Alameda Health System::2218929,unapplied,,,Acute care required,Clinical Nurse II,Full-time · $78.14–$114.54/hr,Alameda Health System,"2060 Fairmont Drive, San Leandro, CA",<30,Six months experience as a Clinical Nurse I with AHS or the equivalent of one year full time recent experience at a comparable level in a minimum 100-bed hospital or in the area of specialty;,,2026-09-02T08:32:38+00:00,2026-09-20T08:50:36+00:00,,https://alameda-health-system-careers.hctsportals.com/jobs/2218929-clinical-nurse-ii
Alameda Health System::2218922,closed,,,"Experience required, not acute",Clinical Nurse II,,Alameda Health System,"2060 Fairmont Drive, San Leandro, CA",<30,Six months,,2026-09-02T08:32:38+00:00,2026-09-03T16:42:59+00:00,,https://alameda-health-system-careers.hctsportals.com/jobs/2218922-clinical-nurse-ii
Alameda Health System::2218847,unapplied,,,Acute care required,Clinical Nurse II,Part-time · $78.14–$114.54/hr,Alameda Health System,"2060 Fairmont Drive, San Leandro, CA",<30,Six months experience as a Clinical Nurse I with AHS or the equivalent of one year full time recent experience at a comparable level in a minimum 100-bed hospital or in the area of specialty;,,2026-09-02T08:32:38+00:00,2026-09-20T08:50:36+00:00,,https://alameda-health-system-careers.hctsportals.com/jobs/2218847-clinical-nurse-ii
Alameda Health System::2218832,closed,,,"Experience required, not acute",Clinical Nurse II,,Alameda Health System,"2060 Fairmont Drive, San Leandro, CA",<30,Six months,,2026-09-02T08:32:38+00:00,2026-09-03T16:42:59+00:00,,https://alameda-health-system-careers.hctsportals.com/jobs/2218832-clinical-nurse-ii
Alameda Health System::2213132,unapplied,,,Acute care required,Clinical Nurse II,Full-time · $78.14–$114.54/hr,Alameda Health System,"2060 Fairmont Drive, San Leandro, CA",<30,Six months experience as a Clinical Nurse I with AHS or the equivalent of one year full time recent experience at a comparable level in a minimum 100-bed hospital or in the area of specialty;,,2026-09-02T08:32:38+00:00,2026-09-20T08:50:36+00:00,,https://alameda-health-system-careers.hctsportals.com/jobs/2213132-clinical-nurse-ii
Alameda Health System::2212843,unapplied,,,Acute care required,Clinical Nurse II,Full-time · $78.14–$114.54/hr,Alameda Health System,"2060 Fairmont Drive, San Leandro, CA",<30,Six months experience as a Clinical Nurse I with AHS or the equivalent of one year full time recent experience at a comparable level in a minimum 100-bed hospital or in the area of specialty;,,2026-09-02T08:32:38+00:00,2026-09-20T08:50:36+00:00,,https://alameda-health-system-careers.hctsportals.com/jobs/2212843-clinical-nurse-ii
Alameda Health System::2212829,unapplied,,,Acute care required,Clinical Nurse II,Full-time · $78.14–$114.54/hr,Alameda Health System,"2060 Fairmont Drive, San Leandro, CA",<30,Six months experience as a Clinical Nurse I with AHS or the equivalent of one year full time recent experience at a comparable level in a minimum 100-bed hospital or in the area of specialty;,,2026-09-02T08:32:38+00:00,2026-09-20T08:50:36+00:00,,https://alameda-health-system-careers.hctsportals.com/jobs/2212829-clinical-nurse-ii
Alameda Health System::2211861,closed,,,"Experience required, not acute",Clinical Nurse II,,Alameda Health System,"15400 Foothill Blvd, San Leandro, CA",<30,Six months,,2026-09-02T08:32:38+00:00,2026-09-03T16:42:59+00:00,,https://alameda-health-system-careers.hctsportals.com/jobs/2211861-clinical-nurse-ii
Alameda Health System::2211369,unapplied,,,Acute care required,Clinical Nurse II,Full-time · $74.07/hr,Alameda Health System,"1411 East 31st Street, Oakland, CA",<30,Six months experience as a Clinical Nurse I with AHS or the equivalent of one year full time recent experience at a comparable level in a minimum 100-bed hospital or in the area of specialty;,,2026-09-02T08:32:38+00:00,2026-09-20T08:50:36+00:00,,https://alameda-health-system-careers.hctsportals.com/jobs/2211369-clinical-nurse-ii
Alameda Health System::2202003,unapplied,,,Acute care required,SLH RN II,Part-time · $77.55–$99.46/hr,Alameda Health System,"13855 East 14th Street, San Leandro, CA",<30,Six months experience as a Registered Nurse I with AHS or the equivalent of one year full time recent experience at a comparable level in a minimum 100-bed hospital or in the area of specialty;,,2026-09-02T08:32:38+00:00,2026-09-20T08:50:36+00:00,,https://alameda-health-system-careers.hctsportals.com/jobs/2202003-slh-rn-ii
Alameda Health System::2201545,unapplied,,,Acute care required,SLH RN II,Part-time · $77.55–$99.46/hr,Alameda Health System,"13855 East 14th Street, San Leandro, CA",<30,Six months experience as a Registered Nurse I with AHS or the equivalent of one year full time recent experience at a comparable level in a minimum 100-bed hospital or in the area of specialty;,,2026-09-02T08:32:38+00:00,2026-09-20T08:50:36+00:00,,https://alameda-health-system-careers.hctsportals.com/jobs/2201545-slh-rn-ii
Alameda Health System::2201456,unapplied,,,Acute care required,SLH RN II,Part-time · $77.55–$99.46/hr,Alameda Health System,"13855 East 14th Street, San Leandro, CA",<30,Six months experience as a Registered Nurse I with AHS or the equivalent of one year full time recent experience at a comparable level in a minimum 100-bed hospital or in the area of specialty;,,2026-09-02T08:32:38+00:00,2026-09-20T08:50:36+00:00,,https://alameda-health-system-careers.hctsportals.com/jobs/2201456-slh-rn-ii
Alameda Health System::2194518,closed,,,"Experience required, not acute",SLH RN II,,Alameda Health System,"13855 East 14th Street, San Leandro, CA",<30,Six months,,2026-09-02T08:32:38+00:00,2026-09-02T08:46:16+00:00,,https://alameda-health-system-careers.hctsportals.com/jobs/2194518-slh-rn-ii
Alameda Health System::2194502,closed,,,"Experience required, not acute",SLH RN II,,Alameda Health System,"13855 East 14th Street, San Leandro, CA",<30,Six months,,2026-09-02T08:32:38+00:00,2026-09-03T16:42:59+00:00,,https://alameda-health-system-careers.hctsportals.com/jobs/2194502-slh-rn-ii
Alameda Health System::2189855,closed,,,"Experience required, not acute",Clinical Nurse II,,Alameda Health System,"1411 East 31st Street, Oakland, CA",<30,Six months,,2026-09-02T08:32:38+00:00,2026-09-03T16:42:59+00:00,,https://alameda-health-system-careers.hctsportals.com/jobs/2189855-clinical-nurse-ii
Alameda Health System::2177094,unapplied,,,Acute care required,SLH RN II,Part-time · $77.55–$99.46/hr,Alameda Health System,"13855 East 14th Street, San Leandro, CA",<30,Six months experience as a Registered Nurse I with AHS or the equivalent of one year full time recent experience at a comparable level in a minimum 100-bed hospital or in the area of specialty;,,2026-09-02T08:32:38+00:00,2026-09-20T08:50:36+00:00,,https://alameda-health-system-careers.hctsportals.com/jobs/2177094-slh-rn-ii
Alameda Health System::2084223,closed,,,"Experience required, not acute",Clinical Nurse II,,Alameda Health System,"1411 East 31st Street, Oakland, CA",<30,Six months,,2026-09-02T08:32:38+00:00,2026-09-03T16:42:59+00:00,,https://alameda-health-system-careers.hctsportals.com/jobs/2084223-clinical-nurse-ii
Sutter Health::R-138763,unapplied,,,Level II role,"Staff Nurse II, Mom and Baby",Part-time · Nights · $84.50–$114.34/hr,Sutter Health,San Francisco,<30,"Staff Nurse II, Mom and Baby",2026-09-01,2026-09-02T08:32:38+00:00,2026-09-20T08:50:36+00:00,,https://wd1.myworkdaysite.com/recruiting/sutterhealth/SH/job/San-Francisco/Staff-Nurse-II--Mom-and-Baby_R-138763-1
Sutter Health::R-135369,closed,,,"Experience required, not acute",Oncology - Complex Care RN Coordinator,Full-time · Varied · $0.00–$0.00/hr,Sutter Health,Oakland,<30,2 years of recent relevant experience,2026-08-31,2026-09-02T08:32:38+00:00,2026-09-09T18:31:48+00:00,,https://wd1.myworkdaysite.com/recruiting/sutterhealth/SH/job/Oakland/SMSHCC---Complex-Care-RN-Coordinator_R-135369
Sutter Health::R-135088,closed,,,"Experience required, not acute",Oncology- Complex Care RN Coordinator,Full-time · Varied · $0.00–$0.00/hr,Sutter Health,Oakland,<30,2 years of recent relevant experience,2026-08-31,2026-09-02T08:32:38+00:00,2026-09-09T18:31:48+00:00,,https://wd1.myworkdaysite.com/recruiting/sutterhealth/SH/job/Oakland/SMSHCC---Complex-Care-RN-Coordinator_R-135088
Sutter Health::R-138327,unapplied,,,Level II role,"Staff Nurse II, Neonatal ICU",Part-time · Nights · $84.50–$114.34/hr,Sutter Health,San Francisco,<30,"Staff Nurse II, Neonatal ICU",2026-08-31,2026-09-02T08:32:38+00:00,2026-09-20T08:50:36+00:00,,https://wd1.myworkdaysite.com/recruiting/sutterhealth/SH/job/San-Francisco/Staff-Nurse-II--Neonatal-ICU_R-138327-1
Sutter Health::R-137333,closed,,,"Experience required, not acute","Registered Nurse Specialist II, Heart Care",Full-time · Days · $86.27–$120.77/hr,Sutter Health,San Francisco,<30,2 years of recent relevant experience.,2026-08-25,2026-09-02T08:32:38+00:00,2026-09-08T18:21:10+00:00,,https://wd1.myworkdaysite.com/recruiting/sutterhealth/SH/job/San-Francisco/Registered-Nurse-Specialist-II--Heart-Care_R-137333
Sutter Health::R-138459,unapplied,,,"Experience required, not acute","Wound Care RN, Home Health",Full-time · Days · $73.11–$98.24/hr,Sutter Health,Alameda,<30,EXPERIENCE 2 Minimum of two years of recent home care experience.,2026-08-25,2026-09-02T08:32:38+00:00,2026-09-20T08:50:36+00:00,,https://wd1.myworkdaysite.com/recruiting/sutterhealth/SH/job/Alameda/Wound-Care-RN--Home-Health_R-138459
Sutter Health::R-138816,closed,,,"Experience required, not acute","Clinical Effectiveness Consultant III, RN",Full-time · Days · $95.11–$133.15/hr,Sutter Health,Castro Valley,<30,5 years recent relevant experience,2026-08-24,2026-09-02T08:32:38+00:00,2026-09-09T18:31:48+00:00,,https://wd1.myworkdaysite.com/recruiting/sutterhealth/SH/job/Castro-Valley/Clinical-Effectiveness-Consultant-III--RN_R-138816
Sutter Health::R-136889,unapplied,,,Level II role,"Staff Nurse II, Emergency Department",Part-time · Nights · $84.50–$114.34/hr,Sutter Health,San Francisco,<30,"Staff Nurse II, Emergency Department",2026-08-24,2026-09-02T08:32:38+00:00,2026-09-20T08:50:36+00:00,,https://wd1.myworkdaysite.com/recruiting/sutterhealth/SH/job/San-Francisco/Staff-Nurse-II--Emergency-Department_R-136889
Sutter Health::R-135664,closed,,,Requirements unclear,"Staff Nurse II, Nursery",,Sutter Health,Castro Valley,<30,2 years previous clinical experience in neonatal ICU and obstetrical nursing,2026-08-20,2026-09-02T08:32:38+00:00,2026-09-03T18:29:52+00:00,,https://wd1.myworkdaysite.com/recruiting/sutterhealth/SH/job/Castro-Valley/Staff-Nurse-II--Nursery_R-135664-1
Sutter Health::R-137988,unapplied,,,Level II role,"Staff Nurse II, Emergency Department",Part-time · Nights · $84.50–$114.34/hr,Sutter Health,San Francisco,<30,"Staff Nurse II, Emergency Department",2026-08-19,2026-09-02T08:32:38+00:00,2026-09-20T08:50:36+00:00,,https://wd1.myworkdaysite.com/recruiting/sutterhealth/SH/job/San-Francisco/Staff-Nurse-II--Emergency-Department_R-137988-1
Sutter Health::R-137796,closed,,,"Experience required, not acute","Staff Nurse II, Medical Surgical Telemetry ACE",Part-time · Evenings · $84.50–$114.34/hr,Sutter Health,San Francisco,<30,2 years of recent relevant experience,2026-08-19,2026-09-02T08:32:38+00:00,2026-09-04T07:58:30+00:00,,https://wd1.myworkdaysite.com/recruiting/sutterhealth/SH/job/San-Francisco/Staff-Nurse-II--Medical-Surgical-Telemetry-ACE_R-137796-1
Sutter Health::R-137924,unapplied,,,Level II role,"Staff Nurse II, Labor and Delivery",Part-time · Nights · $84.50–$114.34/hr,Sutter Health,San Francisco,<30,"Staff Nurse II, Labor and Delivery",2026-08-18,2026-09-02T08:32:38+00:00,2026-09-20T08:50:36+00:00,,https://wd1.myworkdaysite.com/recruiting/sutterhealth/SH/job/San-Francisco/Staff-Nurse-II--Labor-and-Delivery_R-137924-1
Sutter Health::R-137772,closed,,,"Experience required, not acute","Staff Nurse II, Transplant",,Sutter Health,San Francisco,<30,2 years of recent relevant experience,2026-08-18,2026-09-02T08:32:38+00:00,2026-09-02T08:46:16+00:00,,https://wd1.myworkdaysite.com/recruiting/sutterhealth/SH/job/San-Francisco/Staff-Nurse-II--Transplant_R-137772-1
Sutter Health::R-137771,closed,,,"Experience required, not acute","Staff Nurse II, Advanced Organ Therapy Unit",Part-time · Nights · $84.50–$114.34/hr,Sutter Health,San Francisco,<30,2 years of recent relevant experience,2026-08-18,2026-09-02T08:32:38+00:00,2026-09-04T07:58:30+00:00,,https://wd1.myworkdaysite.com/recruiting/sutterhealth/SH/job/San-Francisco/Staff-Nurse-II--Advanced-Organ-Therapy-Unit_R-137771-1
Sutter Health::R-137057,closed,,,"Experience required, not acute","Staff Nurse II, Intensive Care Unit",Part-time · Nights · $84.50–$114.34/hr,Sutter Health,San Francisco,<30,2 years of recent relevant experience,2026-08-18,2026-09-02T08:32:38+00:00,2026-09-04T07:58:30+00:00,,https://wd1.myworkdaysite.com/recruiting/sutterhealth/SH/job/San-Francisco/Staff-Nurse-II--Intensive-Care-Unit_R-137057-1
Sutter Health::R-136559,unapplied,,,Acute care required,"Staff Nurse II, MSICU",Part-time · Days · $84.50–$114.34/hr,Sutter Health,San Francisco,<30,2 years of recent relevant experience as an RN in ICU Setting,2026-08-10,2026-09-02T08:32:38+00:00,2026-09-20T08:50:36+00:00,,https://wd1.myworkdaysite.com/recruiting/sutterhealth/SH/job/San-Francisco/Staff-Nurse-II--MSICU_R-136559-1
Sutter Health::R-135641,unapplied,,,Level II role,"Staff Nurse II, Operating Room Float Pool",Full-time · Varied · $84.50–$114.34/hr,Sutter Health,San Francisco,<30,"Staff Nurse II, Operating Room Float Pool",2026-08-07,2026-09-02T08:32:38+00:00,2026-09-20T08:50:36+00:00,,https://wd1.myworkdaysite.com/recruiting/sutterhealth/SH/job/San-Francisco/Staff-Nurse-II--Operating-Room-Float-Pool_R-135641-1
Sutter Health::R-136552,closed,,,"Experience required, not acute",Breast RN Navigator - Breast Health Center,Full-time · Days · $95.11–$133.15/hr,Sutter Health,San Francisco,<30,5 years of RN navigator experience,2026-08-06,2026-09-02T08:32:38+00:00,2026-09-09T18:31:48+00:00,,https://wd1.myworkdaysite.com/recruiting/sutterhealth/SH/job/San-Francisco/Breast-RN-Navigator---Breast-Health-Center_R-136552
Sutter Health::R-135939,closed,,,"Experience required, not acute","Staff Nurse II, Operating Room Float Pool",Full-time · Varied · $84.50–$114.34/hr,Sutter Health,San Francisco,<30,2 years of recent relevant experience.,2026-08-06,2026-09-02T08:32:38+00:00,2026-09-04T07:58:30+00:00,,https://wd1.myworkdaysite.com/recruiting/sutterhealth/SH/job/San-Francisco/Staff-Nurse-II--Operating-Room-Float-Pool_R-135939-1
Sutter Health::R-135639,unapplied,,,Level II role,"Staff Nurse II, Operating Room Float Pool",Full-time · Varied · $84.50–$114.34/hr,Sutter Health,San Francisco,<30,"Staff Nurse II, Operating Room Float Pool",2026-08-06,2026-09-02T08:32:38+00:00,2026-09-20T08:50:36+00:00,,https://wd1.myworkdaysite.com/recruiting/sutterhealth/SH/job/San-Francisco/Staff-Nurse-II--Operating-Room-Float-Pool_R-135639-1
Sutter Health::R-135642,closed,,,"Experience required, not acute","Staff Nurse II, Operating Room Float Pool",,Sutter Health,San Francisco,<30,2 years of recent relevant experience,2026-08-06,2026-09-02T08:32:38+00:00,2026-09-02T08:46:16+00:00,,https://wd1.myworkdaysite.com/recruiting/sutterhealth/SH/job/San-Francisco/Staff-Nurse-II--Operating-Room-Float-Pool_R-135642-1
Sutter Health::R-136586,unapplied,,,Level II role,"Staff Nurse II, House Float",Part-time · Nights · $81.26–$109.95/hr,Sutter Health,Castro Valley,<30,"Staff Nurse II, House Float",2026-08-05,2026-09-02T08:32:38+00:00,2026-09-20T08:50:36+00:00,,https://wd1.myworkdaysite.com/recruiting/sutterhealth/SH/job/Castro-Valley/Staff-Nurse-II--House-Float_R-136586-1
Sutter Health::R-136482,unapplied,,,Acute care required,"Staff Nurse II, Pediatric Transport",Part-time · Nights · $84.50–$114.34/hr,Sutter Health,San Francisco,<30,2 years of recent relevant experience in Pediatric Critical Care Transport with previous history in pediatric critical care,2026-08-03,2026-09-02T08:32:38+00:00,2026-09-20T08:50:36+00:00,,https://wd1.myworkdaysite.com/recruiting/sutterhealth/SH/job/San-Francisco/Staff-Nurse-II--Pediatric-Transport_R-136482-1
Sutter Health::R-136564,unapplied,,,Acute care required,"Staff Nurse II, MSICU",Part-time · Nights · $84.50–$114.34/hr,Sutter Health,San Francisco,<30,2 years of recent relevant experience as an RN in ICU Setting,2026-07-31,2026-09-02T08:32:38+00:00,2026-09-20T08:50:36+00:00,,https://wd1.myworkdaysite.com/recruiting/sutterhealth/SH/job/San-Francisco/Staff-Nurse-II--MSICU_R-136564-1
Sutter Health::R-136562,unapplied,,,Acute care required,"Staff Nurse II, MSICU",Part-time · Evenings · $84.50–$114.34/hr,Sutter Health,San Francisco,<30,2 years of recent relevant experience as an RN in ICU Setting,2026-07-31,2026-09-02T08:32:38+00:00,2026-09-20T08:50:36+00:00,,https://wd1.myworkdaysite.com/recruiting/sutterhealth/SH/job/San-Francisco/Staff-Nurse-II--MSICU_R-136562-1
Sutter Health::R-135662,unapplied,,,Level II role,"Staff Nurse II, Nursery",Part-time · Days · $81.26–$109.95/hr,Sutter Health,Castro Valley,<30,"Staff Nurse II, Nursery",2026-07-29,2026-09-02T08:32:38+00:00,2026-09-20T08:50:36+00:00,,https://wd1.myworkdaysite.com/recruiting/sutterhealth/SH/job/Castro-Valley/Staff-Nurse-II--Nursery_R-135662-1
Sutter Health::R-135667,unapplied,,,Level II role,"Staff Nurse II, Labor & Delivery",Full-time · Days · $81.26–$109.95/hr,Sutter Health,Castro Valley,<30,"Staff Nurse II, Labor & Delivery",2026-07-24,2026-09-02T08:32:38+00:00,2026-09-20T08:50:36+00:00,,https://wd1.myworkdaysite.com/recruiting/sutterhealth/SH/job/Castro-Valley/Staff-Nurse-II--Labor---Delivery_R-135667-1
Sutter Health::R-135668,closed,,,"Experience required, not acute","Staff Nurse II, Labor & Delivery",,Sutter Health,Castro Valley,<30,2 years previous clinical,2026-07-24,2026-09-02T08:32:38+00:00,2026-09-03T16:42:59+00:00,,https://wd1.myworkdaysite.com/recruiting/sutterhealth/SH/job/Castro-Valley/Staff-Nurse-II--Labor---Delivery_R-135668-1
PACS Group::JR180846,closed,,,No experience required,Registered Nurse (RN),Skilled nursing · Full-time · AM · $45.00–$52.00/hr,PACS Group,Moraga Post Acute,<30,"If you are committed to providing high-quality, resident-centered care and thrive in a collaborative healthcare environment, we would love to have you join our team! Position Details Position: Registe",2026-09-03,2026-09-03T16:42:59+00:00,2026-09-10T18:26:02+00:00,,https://pacs.wd108.myworkdayjobs.com/pacs/job/Moraga-Post-Acute/Registered-Nurse--RN-_JR180846
Sutter Health::R-133397,closed,,,Requirements unclear,"Staff Nurse II, Acute Rehab PCU4",Part-time · Evenings · $81.26–$109.95/hr,Sutter Health,Oakland,<30,Minimum one year of current experience in area of specialty Required LICENSURES AND CERTIFICATIO,2026-09-02,2026-09-03T16:42:59+00:00,2026-09-04T07:58:30+00:00,,https://wd1.myworkdaysite.com/recruiting/sutterhealth/SH/job/Oakland/Staff-Nurse-II--Acute-Rehab-PCU4_R-133397-1
Sutter Health::R-139411,unapplied,,,"Experience required, not acute","Registered Nurse, ICU",Part-time · Nights · $66.40–$90.82/hr,Sutter Health,Tracy,30-60,2 years of recent relevant experience,2026-09-03,2026-09-03T16:42:59+00:00,2026-09-20T08:50:36+00:00,,https://wd1.myworkdaysite.com/recruiting/sutterhealth/SH/job/Tracy/Registered-Nurse--ICU_R-139411-1
Sutter Health::R-139412,closed,,,"Experience required, not acute","Registered Nurse, ICU",,Sutter Health,Tracy,30-60,2 years of recent relevant experience,2026-09-03,2026-09-03T16:42:59+00:00,2026-09-03T18:29:52+00:00,,https://wd1.myworkdaysite.com/recruiting/sutterhealth/SH/job/Tracy/Registered-Nurse--ICU_R-139412-1
Sutter Health::R-136839,unapplied,,,Acute care required,"Staff Nurse II, Stepdown ICU",Full-time · Nights · $83.66–$113.22/hr,Sutter Health,Burlingame,30-60,2+ years of RN experience in an acute care clinical experience working in Intermediate/Stepdown ICU unit,2026-09-03,2026-09-03T16:42:59+00:00,2026-09-20T08:50:36+00:00,,https://wd1.myworkdaysite.com/recruiting/sutterhealth/SH/job/Burlingame/Staff-Nurse-II--Stepdown-ICU_R-136839-1
Sutter Health::R-139524,closed,,,"Experience required, not acute","Registered Nurse II, Neonatal ICU",Part-time · Varied · $74.98–$104.96/hr,Sutter Health,Modesto,60-90,2 years of recent relevant experience.,2026-09-03,2026-09-03T16:42:59+00:00,2026-09-04T07:58:30+00:00,,https://wd1.myworkdaysite.com/recruiting/sutterhealth/SH/job/Modesto/Registered-Nurse-II--Neonatal-ICU_R-139524-1
Sutter Health::R-139747,closed,,,"Experience required, not acute",Registered Nurse Cardiac Telemetry,Full-time · Nights · $74.98–$104.96/hr,Sutter Health,Modesto,60-90,2 years of recent relevant experience,2026-09-02,2026-09-03T16:42:59+00:00,2026-09-17T23:44:10+00:00,,https://wd1.myworkdaysite.com/recruiting/sutterhealth/SH/job/Modesto/Registered-Nurse-Cardiac-Telemetry_R-139747
Sutter Health::R-139760,unapplied,,,"Experience required, not acute",Registered Nurse Cardiac Telemetry,Full-time · Nights · $74.98–$104.96/hr,Sutter Health,Modesto,60-90,2 years of recent relevant experience,2026-09-02,2026-09-03T16:42:59+00:00,2026-09-20T08:50:36+00:00,,https://wd1.myworkdaysite.com/recruiting/sutterhealth/SH/job/Modesto/Registered-Nurse-Cardiac-Telemetry_R-139760
Sutter Health::R-139761,closed,,,"Experience required, not acute",Registered Nurse Cardiac Telemetry,Full-time · Nights · $74.98–$104.96/hr,Sutter Health,Modesto,60-90,2 years of recent relevant experience,2026-09-02,2026-09-03T16:42:59+00:00,2026-09-11T23:22:49+00:00,,https://wd1.myworkdaysite.com/recruiting/sutterhealth/SH/job/Modesto/Registered-Nurse-Cardiac-Telemetry_R-139761
Sutter Health::R-139746,closed,,,"Experience required, not acute",Registered Nurse Cardiac Telemetry,,Sutter Health,Modesto,60-90,2 years of recent relevant experience,2026-09-02,2026-09-03T16:42:59+00:00,2026-09-03T18:29:52+00:00,,https://wd1.myworkdaysite.com/recruiting/sutterhealth/SH/job/Modesto/Registered-Nurse-Cardiac-Telemetry_R-139746-1
Sutter Health::R-139785,closed,,,"Experience required, not acute","Registered Nurse II, Inpatient Surgical Unit",Full-time · Nights · $74.98–$104.96/hr,Sutter Health,Modesto,60-90,2 years of recent relevant experience,2026-09-02,2026-09-03T16:42:59+00:00,2026-09-04T07:58:30+00:00,,https://wd1.myworkdaysite.com/recruiting/sutterhealth/SH/job/Modesto/Registered-Nurse-II--Inpatient-Surgical-Unit_R-139785
Sutter Health::R-139136,closed,,,"Experience required, not acute","Registered Nurse II, Operating Room",Full-time · Varied · $82.48–$115.46/hr,Sutter Health,Sacramento,60-90,2 years of recent relevant experience,2026-09-02,2026-09-03T16:42:59+00:00,2026-09-04T07:58:30+00:00,,https://wd1.myworkdaysite.com/recruiting/sutterhealth/SH/job/Sacramento/Registered-Nurse-II--Operating-Room_R-139136
Sutter Health::R-139139,closed,,,"Experience required, not acute","Registered Nurse II, Operating Room",Part-time · Day / Evening · $82.48–$115.46/hr,Sutter Health,Sacramento,60-90,2 years nursing experience or successful completion of a Sutter Health Nursing Residency Program,2026-09-02,2026-09-03T16:42:59+00:00,2026-09-04T07:58:30+00:00,,https://wd1.myworkdaysite.com/recruiting/sutterhealth/SH/job/Sacramento/Registered-Nurse-II--Operating-Room_R-139139
Sutter Health::R-138998,unapplied,,,Level II role,"Staff Nurse II, Pre and Post OCU",Full-time · Varied · $77.29–$102.55/hr,Sutter Health,Santa Rosa,90-120,"Staff Nurse II, Pre and Post OCU",2026-09-03,2026-09-03T16:42:59+00:00,2026-09-20T08:50:36+00:00,,https://wd1.myworkdaysite.com/recruiting/sutterhealth/SH/job/Santa-Rosa/Staff-Nurse-II--Pre-and-Post-OCU_R-138998-1
Sutter Health::R-137766,unapplied,,,Level II role,"Staff Nurse II, ASU/PACU",Part-time · Varied · $84.50–$114.34/hr,Sutter Health,San Francisco,<30,"Staff Nurse II, ASU/PACU",2026-09-02,2026-09-03T16:42:59+00:00,2026-09-20T08:50:36+00:00,,https://wd1.myworkdaysite.com/recruiting/sutterhealth/SH/job/San-Francisco/Staff-Nurse-II--ASU-PACU_R-137766-1
Vibra Healthcare::24124,unapplied,,,No experience required,Registered Nurse RN Full Time Relocate to Fargo ND 20K,Long-term acute care / rehab · Full-time,Vibra Healthcare,"Sacramento, California",60-90,Previous acute care experience is strongly preferred.,2026-01-10,2026-09-03T18:29:52+00:00,2026-09-20T08:50:36+00:00,,https://careers-vibratravels.icims.com/jobs/24124/login
Vibra Healthcare::29042,closed,,,No experience required,RN Registered Nurse ICU Full Time,Long-term acute care / rehab · Full-time,Vibra Healthcare,"Folsom, California",90-120,Previous acute care experience is strongly preferred.,2026-09-01,2026-09-03T18:29:52+00:00,2026-09-14T20:09:27+00:00,,https://careers-vibrahealthcare.icims.com/jobs/29042/login
Vibra Healthcare::28880,closed,,,No experience required,RN Registered Nurse Full Time Nights RN,Long-term acute care / rehab · Full-time · Nights · $58.00/hr,Vibra Healthcare,"Folsom, California",90-120,Previous acute care experience is strongly preferred.,2026-08-19,2026-09-03T18:29:52+00:00,2026-09-14T09:09:36+00:00,,https://careers-vibrahealthcare.icims.com/jobs/28880/login
Vibra Healthcare::28879,closed,,,No experience required,RN Registered Nurse Full Time Days RN,Long-term acute care / rehab · Full-time · Days · $58.00/hr,Vibra Healthcare,"Folsom, California",90-120,Previous acute care experience is strongly preferred.,2026-08-19,2026-09-03T18:29:52+00:00,2026-09-14T09:09:36+00:00,,https://careers-vibrahealthcare.icims.com/jobs/28879/login
City & County of San Francisco::3743990014878446,closed,,,Requirements unclear,Registered Nurse [Experienced Nurses] (2320) - Citywide - H00083,Public Health · Full-time,City & County of San Francisco,San Francisco,<30,one (1) year of experience working as a Registered Nurse,2026-08-26,2026-09-03T18:29:52+00:00,2026-09-08T08:03:44+00:00,,https://jobs.smartrecruiters.com/CityAndCountyOfSanFrancisco1/3743990014878446-registered-nurse-experienced-nurses-2320-citywide-h00083
John Muir Health::JR0017799,closed,,,Requirements unclear,RN - Coordinator - Care Coordination and Resource Services - Full Time - 8 Hour - Days,Full-time · Days · $87.18–$117.68/hr,John Muir Health,1914 Tice Valley Blvd,<30,1 year Care Coordination or Care Management - Required Two (2) years Nursing - Ambulat,2026-08-27,2026-09-03T18:29:52+00:00,2026-09-09T18:31:48+00:00,,https://jmh.wd5.myworkdayjobs.com/JohnMuirHealthCareers/job/1914-Tice-Valley-Blvd/RN---Coordinator---Care-Coordination-and-Resource-Services---Full-Time---8-Hour---Days_JR0017799
Marin County::5449130,closed,,,"Experience required, not acute",Detention Registered Nurse (Contingent),,Marin County,San Rafael,30-60,"Typically, equivalent to one year of professional nursing experience, and the education necessary to practice nursing.",2026-08-20,2026-09-03T18:29:52+00:00,2026-09-03T23:01:08+00:00,,https://www.governmentjobs.com/careers/marincounty/jobs/5449130/detention-registered-nurse-contingent
Solano County::5327355,closed,,,"Experience required, not acute",Clinic Registered Nurse (Senior),Health & Social Services Dept,Solano County,Fairfield,30-60,"A minimum score of 70% is required to continue in the selection process, unless otherwise announced.",2026-05-11,2026-09-03T18:29:52+00:00,2026-09-11T18:27:40+00:00,,https://www.governmentjobs.com/careers/solanocounty/jobs/5327355/clinic-registered-nurse-senior
Sutter Health::R-139088,closed,,,"Experience required, not acute","Registered Nurse II, Cardiology",Full-time · Days · $86.27–$120.77/hr,Sutter Health,Burlingame (+1 more),30-60,Two years recent relevant experience,2026-08-31,2026-09-03T18:29:52+00:00,2026-09-04T07:58:30+00:00,,https://wd1.myworkdaysite.com/recruiting/sutterhealth/SH/job/Burlingame/Registered-Nurse-II--Cardiology_R-139088-1
Sutter Health::R-135746,closed,,,"Experience required, not acute","Registered Nurse II, Hematology Oncology Per Diem",Per diem · Days · $86.27–$120.77/hr,Sutter Health,Sunnyvale (+1 more),30-60,Two years recent relevant experience,2026-08-27,2026-09-03T18:29:52+00:00,2026-09-04T07:58:30+00:00,,https://wd1.myworkdaysite.com/recruiting/sutterhealth/SH/job/Sunnyvale/Registered-Nurse-II--Hematology-Oncology-Per-Diem_R-135746-1
Sutter Health::R-130195,closed,,,"Experience required, not acute","RN, Certified Would Care Lead, WOCN",Full-time · Days · $78.49–$109.88/hr,Sutter Health,Novato,30-60,8 years of recent relevant experience,2026-07-20,2026-09-03T18:29:52+00:00,2026-09-09T18:31:48+00:00,,https://wd1.myworkdaysite.com/recruiting/sutterhealth/SH/job/Novato/RN--Certified-Would-Care-Lead--WOCN_R-130195
Sutter Health::R-138974,unapplied,,,Level II role,"Staff Nurse II, Surgery",Part-time · Varied · $77.29–$102.55/hr,Sutter Health,Santa Rosa,90-120,"Staff Nurse II, Surgery",2026-09-03,2026-09-03T18:29:52+00:00,2026-09-20T08:50:36+00:00,,https://wd1.myworkdaysite.com/recruiting/sutterhealth/SH/job/Santa-Rosa/Staff-Nurse-II--Surgery_R-138974-1
Sutter Health::R-130494,unapplied,,,Level II role,"Staff Nurse II, Neonatal Intensive Care Unit",Full-time · Nights · $77.29–$102.55/hr,Sutter Health,Santa Rosa,90-120,"Staff Nurse II, Neonatal Intensive Care Unit",2026-06-10,2026-09-03T18:29:52+00:00,2026-09-20T08:50:36+00:00,,https://wd1.myworkdaysite.com/recruiting/sutterhealth/SH/job/Santa-Rosa/Staff-Nurse-II--Neonatal-Intensive-Care-Unit_R-130494-1
City & County of San Francisco::3743990014878516,closed,,,"Experience required, not acute",Per Diem Registered Nurse - (All Specialties) - DPH - (P103),Public Health · Per diem,City & County of San Francisco,San Francisco,<30,Applicants may be required to submit verification of qualifying education and experience at any point during the recruitment and selection process.,2026-08-26,2026-09-03T18:29:52+00:00,2026-09-08T08:03:44+00:00,,https://jobs.smartrecruiters.com/CityAndCountyOfSanFrancisco1/3743990014878516-per-diem-registered-nurse-all-specialties-dph-p103-
Sutter Health::R-136525,closed,,,"Experience required, not acute","Registered Nurse II, Primary Care",Part-time · Days · $86.27–$120.77/hr,Sutter Health,Castro Valley (+2 more),<30,Two years recent relevant experience,2026-09-02,2026-09-03T18:29:52+00:00,2026-09-04T07:58:30+00:00,,https://wd1.myworkdaysite.com/recruiting/sutterhealth/SH/job/Castro-Valley/Registered-Nurse-II--Primary-Care_R-136525-1
Sutter Health::R-135742,closed,,,"Experience required, not acute","Clinical Effectiveness Consultant III, Registered Nurse",Full-time · Days · $95.11–$133.15/hr,Sutter Health,San Francisco,<30,5 years recent relevant experience,2026-07-20,2026-09-03T18:29:52+00:00,2026-09-09T18:31:48+00:00,,https://wd1.myworkdaysite.com/recruiting/sutterhealth/SH/job/San-Francisco/Clinical-Effectiveness-Consultant-III--Registered-Nurse_R-135742
Sutter Health::R-139604,closed,,,Requirements unclear,"Registered Nurse II, Medical Acute",Part-time · Nights · $76.40–$101.18/hr,Sutter Health,Roseville,90-120,Minimum of six (6) months area specific acute care experience within the last two (2) years Preferred SKI,2026-09-03,2026-09-03T23:01:08+00:00,2026-09-04T07:58:30+00:00,,https://wd1.myworkdaysite.com/recruiting/sutterhealth/SH/job/Roseville/Registered-Nurse-II--Medical-Acute_R-139604
Sutter Health::R-139816,unapplied,,,Level II role,"Registered Nurse II, Inpatient Operating Room",Part-time · Evenings · $76.40–$101.18/hr,Sutter Health,Roseville,90-120,"Registered Nurse II, Inpatient Operating Room",2026-09-03,2026-09-03T23:01:08+00:00,2026-09-20T08:50:36+00:00,,https://wd1.myworkdaysite.com/recruiting/sutterhealth/SH/job/Roseville/Registered-Nurse-II--Inpatient-Operating-Room_R-139816
Sutter Health::R-131983,unapplied,,,Level II role,"Staff Nurse II, Chemical Dependency MPI",Part-time · Evening / Night · $81.26–$109.95/hr,Sutter Health,Oakland,<30,"Staff Nurse II, Chemical Dependency MPI",2026-09-03,2026-09-03T23:01:08+00:00,2026-09-20T08:50:36+00:00,,https://wd1.myworkdaysite.com/recruiting/sutterhealth/SH/job/Oakland/Staff-Nurse-II--Chemical-Dependency-MPI_R-131983-1
Sutter Health::R-138587,closed,,,Level I / new grad,"Ambulatory Services Nurse I, PreOp & PACU",Full-time · Days · $78.56–$78.56/hr,Sutter Health,Mountain View,30-60,"Ambulatory Services Nurse I, PreOp & PACU",2026-09-01,2026-09-04T07:58:30+00:00,2026-09-08T18:21:10+00:00,,https://wd1.myworkdaysite.com/recruiting/sutterhealth/SH/job/Mountain-View/Ambulatory-Services-Nurse-I--PreOp---PACU_R-138587-1
Sutter Health::R-138909,closed,,,Requirements unclear,Nurse Navigator Pediatric Hematology Oncology,Part-time · Days · $82.48–$115.46/hr,Sutter Health,Sacramento,60-90,Minimum of three years of Pediatric Hematology/Oncology nursing experience and APHON or ONS Chemothera,2026-08-31,2026-09-04T07:58:30+00:00,2026-09-09T18:31:48+00:00,,https://wd1.myworkdaysite.com/recruiting/sutterhealth/SH/job/Sacramento/Nurse-Navigator-Pediatric-Hematology-Oncology_R-138909
Alameda Health System::2222004,closed,,,Requirements unclear,CN II - Ambulatory Clinic Nurse,$78.14/hr,Alameda Health System,"1411 East 31st Street, Oakland, CA",<30,Six months of fulltime recent experience as an RN in a comparable area of specialty,,2026-09-04T07:58:30+00:00,2026-09-06T22:41:56+00:00,,https://alameda-health-system-careers.hctsportals.com/jobs/2222004-cn-ii-ambulatory-clinic-nurse
Alameda Health System::2217834,closed,,,Requirements unclear,CN II - Ambulatory Clinic Nurse,Full-time · $78.14/hr,Alameda Health System,"1411 East 31st Street, Oakland, CA",<30,Six months of fulltime recent experience as an RN in a comparable area of specialty,,2026-09-04T07:58:30+00:00,2026-09-08T18:21:10+00:00,,https://alameda-health-system-careers.hctsportals.com/jobs/2217834-cn-ii-ambulatory-clinic-nurse
Alameda Health System::2109574,closed,,,Requirements unclear,CN II - Ambulatory Clinic Nurse,Full-time · $74.07–$108.57/hr,Alameda Health System,"1411 East 31st Street, Oakland, CA",<30,Six months of fulltime recent experience as an RN in a comparable area of specialty,,2026-09-04T07:58:30+00:00,2026-09-17T19:14:08+00:00,,https://alameda-health-system-careers.hctsportals.com/jobs/2109574-cn-ii-ambulatory-clinic-nurse
St. Rose Hospital::STROS623159,closed,,,Requirements unclear,Registered Nurse - Surgery 35,Acute hospital · Full-time · AM · $60.64–$90.22/hr,St. Rose Hospital,"Hayward, CA",<30,Minimum one year experience in an acute care operating room preferred,,2026-09-04T07:58:30+00:00,2026-09-04T18:04:47+00:00,,https://app.smarthires.com/showempjob.htm?viewId=Gq0zZxgxAv8%3D
Sutter Health::R-129650,closed,,,Requirements unclear,ALS/Neonatal Transport Nurse Specialist,Full-time · Nights · $90.58–$126.81/hr,Sutter Health,Berkeley,<30,Minimum 2 years recent Level III NICU experience required Minimum 2 years recent neonatal trans,2026-07-20,2026-09-04T07:58:30+00:00,2026-09-09T18:31:48+00:00,,https://wd1.myworkdaysite.com/recruiting/sutterhealth/SH/job/Berkeley/ALS-Neonatal-Transport-Nurse-Specialist_R-129650-1
Marin County::5472541,unapplied,,,"Experience required, not acute",Mental Health Registered Nurse (CSU) (Temporary/Per Diem),Health & Human Services · Temporary / Per diem,Marin County,San Rafael,30-60,One year of professional nursing experience OR successful completion of a 6 month mental health preceptorship.,2026-09-04,2026-09-04T07:58:30+00:00,2026-09-20T08:50:36+00:00,,https://www.governmentjobs.com/careers/marincounty/jobs/5472541/mental-health-registered-nurse-csu-temporary-per-diem
Solano County::5284503,unapplied,,,"Experience required, not acute",Public Health Nurse,Health & Social Services Dept,Solano County,Fairfield,30-60,"A minimum score of 70% is required to continue in the selection process, unless otherwise announced.",2026-03-25,2026-09-04T07:58:30+00:00,2026-09-20T08:50:36+00:00,,https://www.governmentjobs.com/careers/solanocounty/jobs/5284503/public-health-nurse
Solano County::5302587,unapplied,,,"Experience required, not acute",Public Health Nurse (Senior),Health & Social Services Dept,Solano County,Fairfield,30-60,"A minimum score of 70% is required to continue in the selection process, unless otherwise announced.",2026-04-13,2026-09-04T07:58:30+00:00,2026-09-20T08:50:36+00:00,,https://www.governmentjobs.com/careers/solanocounty/jobs/5302587/public-health-nurse-senior
Sutter Health::R-138656,closed,,,"Experience required, not acute","Clinic Nurse II, Neuroscience",Part-time · Days · $71.72–$100.40/hr,Sutter Health,Fairfield (+2 more),30-60,2 years recent relevant experience.,2026-09-03,2026-09-04T07:58:30+00:00,2026-09-04T07:58:30+00:00,,https://wd1.myworkdaysite.com/recruiting/sutterhealth/SH/job/Sacramento/Clinic-Nurse-II--Neuroscience_R-138656
Sutter Health::R-139749,closed,,,"Experience required, not acute","Hospice Nurse II, Per Diem",Per diem · Varied · $71.18–$99.65/hr,Sutter Health,Concord,30-60,2 years recent relevant experience,2026-09-01,2026-09-04T07:58:30+00:00,2026-09-04T07:58:30+00:00,,https://wd1.myworkdaysite.com/recruiting/sutterhealth/SH/job/Concord/Hospice-Nurse-II--Per-Diem_R-139749-1
Sutter Health::R-139280,closed,,,"Experience required, not acute","Charge Nurse, Labor & Delivery",Part-time · Nights · $82.66–$115.72/hr,Sutter Health,Tracy,30-60,8 years recent relevant experience,2026-08-26,2026-09-04T07:58:30+00:00,2026-09-09T18:31:48+00:00,,https://wd1.myworkdaysite.com/recruiting/sutterhealth/SH/job/Tracy/Charge-Nurse--Labor---Delivery_R-139280
Sutter Health::R-137592,closed,,,"Experience required, not acute",Discharge Support Nurse Coordinator,Full-time · Days · $0.00–$0.00/hr,Sutter Health,Burlingame,30-60,2 years recent relevant experience,2026-08-18,2026-09-04T07:58:30+00:00,2026-09-04T08:14:01+00:00,,https://wd1.myworkdaysite.com/recruiting/sutterhealth/SH/job/Burlingame/Discharge-Support-Nurse-Coordinator_R-137592
Sutter Health::R-139076,closed,,,"Experience required, not acute","Registered Nurse II, Pediatrics",Full-time · Nights · $82.48–$115.46/hr,Sutter Health,Sacramento,60-90,2 years of recent relevant experience.,2026-09-03,2026-09-04T07:58:30+00:00,2026-09-04T07:58:30+00:00,,https://wd1.myworkdaysite.com/recruiting/sutterhealth/SH/job/Sacramento/Registered-Nurse-II--Pediatrics_R-139076
Sutter Health::R-139351,closed,,,"Experience required, not acute",Nurse Navigator Oncology Clinic,Full-time · Days · $82.48–$115.46/hr,Sutter Health,Sacramento,60-90,5 years recent relevant experience,2026-08-26,2026-09-04T07:58:30+00:00,2026-09-09T18:31:48+00:00,,https://wd1.myworkdaysite.com/recruiting/sutterhealth/SH/job/Sacramento/Nurse-Navigator-Oncology-Clinic_R-139351
Sutter Health::R-139183,closed,,,"Experience required, not acute","Ambulatory Services Nurse II, PreOp & PACU",Full-time · Days · $71.73–$100.42/hr,Sutter Health,Sacramento,60-90,2 years recent relevant experience,2026-08-26,2026-09-04T07:58:30+00:00,2026-09-04T07:58:30+00:00,,https://wd1.myworkdaysite.com/recruiting/sutterhealth/SH/job/Sacramento/Ambulatory-Services-Nurse-II--PreOp---PACU_R-139183
Sutter Health::R-139067,closed,,,"Experience required, not acute",Nurse Navigator Oncology Clinic,Full-time · Days · $82.48–$115.46/hr,Sutter Health,Sacramento,60-90,5 years recent relevant experience,2026-08-21,2026-09-04T07:58:30+00:00,2026-09-09T18:31:48+00:00,,https://wd1.myworkdaysite.com/recruiting/sutterhealth/SH/job/Sacramento/Nurse-Navigator-Oncology-Clinic_R-139067
Sutter Health::R-137675,unapplied,,,Level II role,"Clinic Nurse II, Outpatient Infusion",Full-time · Days · $82.16–$115.02/hr,Sutter Health,Santa Rosa,90-120,"Clinic Nurse II, Outpatient Infusion",2026-08-10,2026-09-04T07:58:30+00:00,2026-09-20T08:50:36+00:00,,https://wd1.myworkdaysite.com/recruiting/sutterhealth/SH/job/Santa-Rosa/Clinic-Nurse-II--Outpatient-Infusion_R-137675-1
City & County of San Francisco::3743990013878866,closed,,,"Experience required, not acute",Public Health Nurse (2830) – Citywide – H00192,Public Health · Full-time,City & County of San Francisco,San Francisco,<30,(Required) LICENSE : Possession of a valid permanent/temporary California license as a Registered Nurse issued by the California Board of Registered Nursing;,2026-07-01,2026-09-04T07:58:30+00:00,2026-09-04T08:14:01+00:00,,https://jobs.smartrecruiters.com/CityAndCountyOfSanFrancisco1/3743990013878866-public-health-nurse-2830-citywide-h00192
St. Rose Hospital::STROS623146,closed,,,"Experience required, not acute",Charge RN - Emergency 313,Acute hospital · Per diem · NOC · $80.68–$99.23/hr,St. Rose Hospital,"Hayward, CA",<30,Stated experience requirement: Minimum 2 Years.,,2026-09-04T07:58:30+00:00,2026-09-09T18:31:48+00:00,,https://app.smarthires.com/showempjob.htm?viewId=KgiiaY3p97o%3D
St. Rose Hospital::STROS623158,unapplied,,,"Experience required, not acute",RN - Emergency 334,Acute hospital · Full-time · NOC 1900-0700 · $73.35–$90.22/hr,St. Rose Hospital,"Hayward, CA",<30,Stated experience requirement: Minimum 2 Years.,,2026-09-04T07:58:30+00:00,2026-09-20T08:50:36+00:00,,https://app.smarthires.com/showempjob.htm?viewId=Qg82uTc1VW8%3D
Sutter Health::R-132408,closed,,,"Experience required, not acute","Clinic Nurse II, SMSHCC Medical Oncology",Full-time · Days · $86.27–$120.77/hr,Sutter Health,Oakland,<30,"2 years of experience working as a registered nurse in a private practice, clinic or ambulatory care setting Required.",2026-09-01,2026-09-04T07:58:30+00:00,2026-09-04T07:58:30+00:00,,https://wd1.myworkdaysite.com/recruiting/sutterhealth/SH/job/Oakland/Registered-Nurse-II---SMSHCC-Medical-Oncology_R-132408
Sutter Health::R-139555,unapplied,,,Level II role,"Clinic Nurse II, SMSHCC Surgical Oncology / Head and Neck",Full-time · Days · $86.27–$120.77/hr,Sutter Health,Oakland,<30,"Clinic Nurse II, SMSHCC Surgical Oncology / Head and Neck",2026-08-31,2026-09-04T07:58:30+00:00,2026-09-20T08:50:36+00:00,,https://wd1.myworkdaysite.com/recruiting/sutterhealth/SH/job/Oakland/Clinic-Nurse-II---SMSHCC-Surgical-Oncology---Head-and-Neck_R-139555-1
Sutter Health::R-139548,closed,,,"Experience required, not acute","Clinic Nurse II, SMSHCC Surgical Oncology / Urologic Oncology",Full-time · Days · $86.27–$120.77/hr,Sutter Health,Oakland,<30,"2 years of experience working as a registered nurse in a private practice, clinic or ambulatory care setting Required.",2026-08-31,2026-09-04T07:58:30+00:00,2026-09-04T07:58:30+00:00,,https://wd1.myworkdaysite.com/recruiting/sutterhealth/SH/job/Oakland/Clinic-Nurse-II---SMSHCC-Surgical-Oncology---Urologic-Oncology_R-139548
Sutter Health::R-139558,unapplied,,,Level II role,"Clinic Nurse II, SMSHCC Medical Pulmonary",Full-time · Days · $86.27–$120.77/hr,Sutter Health,Oakland,<30,"Clinic Nurse II, SMSHCC Medical Pulmonary",2026-08-31,2026-09-04T07:58:30+00:00,2026-09-20T08:50:36+00:00,,https://wd1.myworkdaysite.com/recruiting/sutterhealth/SH/job/Oakland/Clinic-Nurse-II---SMSHCC-Medical-Specialty---Pulmonary_R-139558
Sutter Health::R-139554,unapplied,,,Level II role,"Clinic Nurse II, SMSHCC Surgical Oncology / Hepatobiliary Surgery",Full-time · Days · $86.27–$120.77/hr,Sutter Health,Oakland,<30,"Clinic Nurse II, SMSHCC Surgical Oncology / Hepatobiliary Surgery",2026-08-31,2026-09-04T07:58:30+00:00,2026-09-20T08:50:36+00:00,,https://wd1.myworkdaysite.com/recruiting/sutterhealth/SH/job/Oakland/Clinic-Nurse-II---SMSHCC-Surgical-Oncology---Hepatobiliary-Surgery_R-139554
Sutter Health::R-139552,unapplied,,,Level II role,"Clinic Nurse II, SMSHCC Surgical Oncology / GI Surgery",Full-time · Days · $86.27–$120.77/hr,Sutter Health,Oakland,<30,"Clinic Nurse II, SMSHCC Surgical Oncology / GI Surgery",2026-08-31,2026-09-04T07:58:30+00:00,2026-09-20T08:50:36+00:00,,https://wd1.myworkdaysite.com/recruiting/sutterhealth/SH/job/Oakland/Clinic-Nurse-II---SMSHCC-Surgical-Oncology---GI-Surgery_R-139552
Sutter Health::R-139556,unapplied,,,Level II role,"Clinic Nurse II, SMSHCC Pain Management",Full-time · Days · $86.27–$120.77/hr,Sutter Health,Oakland,<30,"Clinic Nurse II, SMSHCC Pain Management",2026-08-31,2026-09-04T07:58:30+00:00,2026-09-20T08:50:36+00:00,,https://wd1.myworkdaysite.com/recruiting/sutterhealth/SH/job/Oakland/Clinic-Nurse-II---SMSHCC-Medical-Specialty---Pain-Management_R-139556-1
Sutter Health::R-139551,closed,,,"Experience required, not acute","Clinic Nurse II, SMSHCC Surgical Oncology / Thoracic Surgery / Complex Surgery",Full-time · Days · $86.27–$120.77/hr,Sutter Health,Oakland,<30,"2 years of experience working as a registered nurse in a private practice, clinic or ambulatory care setting Required.",2026-08-31,2026-09-04T07:58:30+00:00,2026-09-04T07:58:30+00:00,,https://wd1.myworkdaysite.com/recruiting/sutterhealth/SH/job/Oakland/Clinic-Nurse-II---SMSHCC-Surgical-Oncology---Thoracic-Surgery---Complex-Surgery_R-139551
Sutter Health::R-138924,closed,,,"Experience required, not acute",Oncology Nurse Navigator - Clinic Nurse III,Full-time · Days · $90.58–$126.81/hr,Sutter Health,Oakland,<30,5 years recent relevant experience,2026-08-31,2026-09-04T07:58:30+00:00,2026-09-04T07:58:30+00:00,,https://wd1.myworkdaysite.com/recruiting/sutterhealth/SH/job/Oakland/Nurse-Navigator---Clinic-Nurse-III_R-138924-1
Sutter Health::R-134393,closed,,,"Experience required, not acute",Charge Nurse Oncology Complex Care Center,Full-time · Day / Evening · $99.88–$139.82/hr,Sutter Health,Oakland,<30,8 years recent relevant experience,2026-08-31,2026-09-04T07:58:30+00:00,2026-09-09T18:31:48+00:00,,https://wd1.myworkdaysite.com/recruiting/sutterhealth/SH/job/Oakland/Charge-Nurse-Complex-Care-Center_R-134393
Sutter Health::R-139501,closed,,,"Experience required, not acute",Clinic Nurse II - SMSHCC Gynecologic Oncology,Full-time · Days · $0.00–$0.00/hr,Sutter Health,Oakland,<30,2 years of recent relevant experience.,2026-08-27,2026-09-04T07:58:30+00:00,2026-09-04T07:58:30+00:00,,https://wd1.myworkdaysite.com/recruiting/sutterhealth/SH/job/Oakland/Registered-Nurse-II---SMSHCC-Gynecologic-Oncology_R-139501
Sutter Health::R-138801,unapplied,,,Level II role,"Clinic Nurse II, Oncology",Full-time · Days · $86.27–$120.77/hr,Sutter Health,San Francisco,<30,"Clinic Nurse II, Oncology",2026-08-24,2026-09-04T07:58:30+00:00,2026-09-20T08:50:36+00:00,,https://wd1.myworkdaysite.com/recruiting/sutterhealth/SH/job/San-Francisco/Clinic-Nurse-II--Oncology_R-138801
Sutter Health::R-137612,closed,,,"Experience required, not acute","Nurse Navigator, SF Spine",Full-time · Days · $90.58–$126.81/hr,Sutter Health,San Francisco,<30,5 years recent relevant experience,2026-08-12,2026-09-04T07:58:30+00:00,2026-09-09T18:31:48+00:00,,https://wd1.myworkdaysite.com/recruiting/sutterhealth/SH/job/San-Francisco/Nurse-Navigator--SF-Spine_R-137612-1
Sutter Health::R-137611,unapplied,,,Level II role,"Clinic Nurse II, SF Spine",Full-time · Days · $86.27–$120.77/hr,Sutter Health,San Francisco,<30,"Clinic Nurse II, SF Spine",2026-08-11,2026-09-04T07:58:30+00:00,2026-09-20T08:50:36+00:00,,https://wd1.myworkdaysite.com/recruiting/sutterhealth/SH/job/San-Francisco/Clinic-Nurse-II--SF-Spine_R-137611-1
Sutter Health::R-131646,closed,,,"Experience required, not acute","Magnet Program Coordinator, Nurse","Full-time · Days · $197,828.80–$276,952.00/yr",Sutter Health,San Francisco,<30,5 years recent relevant experience,2026-07-20,2026-09-04T07:58:30+00:00,2026-09-09T18:31:48+00:00,,https://wd1.myworkdaysite.com/recruiting/sutterhealth/SH/job/San-Francisco/Magnet-Program-Coordinator--Nurse_R-131646-1
City & County of San Francisco::3743990015078451,closed,,,"Experience required, not acute",Public Health Nurse (2830) – Citywide – H00192,Public Health · Full-time,City & County of San Francisco,San Francisco,<30,(Required) LICENSE : Possession of a valid permanent/temporary California license as a Registered Nurse issued by the California Board of Registered Nursing;,2026-09-04,2026-09-04T18:04:47+00:00,2026-09-09T22:08:31+00:00,,https://jobs.smartrecruiters.com/CityAndCountyOfSanFrancisco1/3743990015078451-public-health-nurse-2830-citywide-h00192
PACS Group::JR181056,unapplied,,,Requirements unclear,RN,Skilled nursing · Full-time / Part-time · $55–$65/hr,PACS Group,Tiburon Hills Care Center,30-60,2+ years of nursing experience (SNF preferred) Knowledge of long-term care regulations a,2026-09-04,2026-09-04T22:47:01+00:00,2026-09-20T08:50:36+00:00,,https://pacs.wd108.myworkdayjobs.com/pacs/job/Tiburon-Hills-Care-Center/RN_JR181056
PACS Group::JR168910,unapplied,,,Requirements unclear,RN,Skilled nursing · Full-time / Part-time · $55–$65/hr,PACS Group,Tiburon Hills Care Center,30-60,2+ years of nursing experience (SNF preferred) Knowledge of long-term care regulations a,2026-09-04,2026-09-04T22:47:01+00:00,2026-09-20T08:50:36+00:00,,https://pacs.wd108.myworkdayjobs.com/pacs/job/Tiburon-Hills-Care-Center/RN_JR168910-1
John Muir Health::JR0017503,unapplied,,,Acute care required,RN - CMC Emergency Services - Part Time - 12 Hour - Nights - CNA,Part-time · Nights · $81.09–$110.48/hr,John Muir Health,Concord,30-60,Education: Graduate of an Accredited School of Nursing - Required Experience: 1 year - Nursing - Acute Care - Required 2000 hours Nursing - Emergency - Must be Obtained within last 3 years - Core Requ,,2026-09-05T07:35:05+00:00,2026-09-20T08:50:36+00:00,,https://jmh.wd5.myworkdayjobs.com/JohnMuirHealthCareers/job/Concord/RN---CMC-Emergency-Services---Part-Time---12-Hour---Nights---CNA_JR0017503-1
City & County of San Francisco::3743990015109716,unapplied,,,Requirements unclear,Registered Nurse [Experienced Nurses] (2320) - Citywide - H00083,Public Health · Full-time,City & County of San Francisco,San Francisco,<30,one (1) year of experience working as a Registered Nurse,2026-09-08,2026-09-08T18:21:10+00:00,2026-09-20T08:50:36+00:00,,https://jobs.smartrecruiters.com/CityAndCountyOfSanFrancisco1/3743990015109716-registered-nurse-experienced-nurses-2320-citywide-h00083
John Muir Health::JR0017829,closed,,,"Experience required, not acute",RN - BHC Psychiatric Services - Inpatient - Per Diem - 8 Hour - Variable,Per diem · Days / Day · $76.30–$103.85/hr,John Muir Health,Concord,30-60,Nursing - Psychiatry - Required,2026-09-08,2026-09-08T18:21:10+00:00,2026-09-15T00:01:02+00:00,,https://jmh.wd5.myworkdayjobs.com/JohnMuirHealthCareers/job/Concord/RN---BHC-Psychiatric-Services---Inpatient---Per-Diem---8-Hour---Variable_JR0017829
Sutter Health::R-136962,closed,,,"Experience required, not acute","Specialty Registered Nurse Coordinator, Surgery",Part-time · Days · $78.73–$110.21/hr,Sutter Health,Modesto,60-90,5 years of recent relevant OR background experience,2026-09-08,2026-09-08T18:21:10+00:00,2026-09-09T18:31:48+00:00,,https://wd1.myworkdaysite.com/recruiting/sutterhealth/SH/job/Modesto/Specialty-Registered-Nurse-Coordinator_R-136962
City & County of San Francisco::3743990015109685,unapplied,,,"Experience required, not acute",Per Diem Registered Nurse - (All Specialties) - DPH - (P103),Public Health · Per diem,City & County of San Francisco,San Francisco,<30,Applicants may be required to submit verification of qualifying education and experience at any point during the recruitment and selection process.,2026-09-08,2026-09-08T18:21:10+00:00,2026-09-20T08:50:36+00:00,,https://jobs.smartrecruiters.com/CityAndCountyOfSanFrancisco1/3743990015109685-per-diem-registered-nurse-all-specialties-dph-p103-
Contra Costa County::907033,closed,,,Requirements unclear,Charge Nurse,Health Services - Continuous,Contra Costa County,Martinez,30-60,,,2026-09-08T23:31:16+00:00,2026-09-09T18:31:48+00:00,,https://www.governmentjobs.com/careers/contracosta/jobs/907033/charge-nurse
Contra Costa County::4996127,unapplied,,,Acute care required,"Registered Nurse ( Emergency, Perianesthesia, GI Assignments)",Health Services - Continuous,Contra Costa County,Martinez,30-60,"One (1) year of full time experience, or its equivalent, performing duties of a registered nurse in an acute care setting obtained in the United States within the last five (5) years",,2026-09-08T23:31:16+00:00,2026-09-20T08:50:36+00:00,,https://www.governmentjobs.com/careers/contracosta/jobs/4996127/registered-nurse-emergency-perianesthesia-gi-assignments
Contra Costa County::4996170,unapplied,,,Acute care required,"Registered Nurse ( Inpatient Psych, Psych Emergency Assignments)",Health Services - Continuous,Contra Costa County,Martinez,30-60,"One (1) year of full time experience, or its equivalent, performing duties of a registered nurse in an acute care setting obtained in the United States within the last five (5) years",,2026-09-08T23:31:16+00:00,2026-09-20T08:50:36+00:00,,https://www.governmentjobs.com/careers/contracosta/jobs/4996170/registered-nurse-inpatient-psych-psych-emergency-assignments
Contra Costa County::4971428,unapplied,,,Acute care required,"Registered Nurse (Critical Care, Intermediate Care, Telemetry, Surgical, and Medical Assignments)",Health Services - Continuous,Contra Costa County,Martinez,30-60,"One (1) year of full time experience, or its equivalent, performing duties of a registered nurse in an acute care setting obtained in the United States within the last five (5) years",,2026-09-08T23:31:16+00:00,2026-09-20T08:50:36+00:00,,https://www.governmentjobs.com/careers/contracosta/jobs/4971428/registered-nurse-critical-care-intermediate-care-telemetry-surgical-and-medi
Contra Costa County::4996104,unapplied,,,Acute care required,"Registered Nurse (Labor & Delivery, Nursery, and Postpartum Assignments)",Health Services - Continuous,Contra Costa County,Martinez,30-60,"One (1) year of full time experience, or its equivalent, performing duties of a registered nurse in an acute care setting obtained in the United States within the last five (5) years",,2026-09-08T23:31:16+00:00,2026-09-20T08:50:36+00:00,,https://www.governmentjobs.com/careers/contracosta/jobs/4996104/registered-nurse-labor-delivery-nursery-and-postpartum-assignments
Contra Costa County::4996178,unapplied,,,Acute care required,Registered Nurse (Operating Room Assignment),Health Services - Continuous,Contra Costa County,Martinez,30-60,"Two (2) years of full-time, or its equivalent, experience performing duties as a Registered Nurse in an acute care setting, one (1) year of which must have been in Operating Room nursing.",,2026-09-08T23:31:16+00:00,2026-09-20T08:50:36+00:00,,https://www.governmentjobs.com/careers/contracosta/jobs/4996178/registered-nurse-operating-room-assignment
Contra Costa County::4994598,unapplied,,,Acute care required,"Registered Nurse (Public Health, Behav Health, CC Health Plan, Ambulatory, & Detention Assignments)",Health Services - Continuous,Contra Costa County,Martinez,30-60,"One (1) year of full time experience, or its equivalent, performing duties of a registered nurse in a hospital, medical facility or ambulatory care setting obtained in the United States within the las",,2026-09-08T23:31:16+00:00,2026-09-20T08:50:36+00:00,,https://www.governmentjobs.com/careers/contracosta/jobs/4994598/registered-nurse-public-health-behav-health-cc-health-plan-ambulatory-dete
Sutter Health::R-139574,closed,,,Level I / new grad,"Staff Nurse I, Medical Surgical",Full-time · Nights · $73.12–$73.12/hr,Sutter Health,Santa Rosa,90-120,"Staff Nurse I, Medical Surgical",2026-09-09,2026-09-09T18:31:48+00:00,2026-09-10T08:26:38+00:00,,https://wd1.myworkdaysite.com/recruiting/sutterhealth/SH/job/Santa-Rosa/Staff-Nurse-I--Medical-Surgical_R-139574-1
Sutter Health::R-140370,closed,,,"Experience required, not acute","Registered Nurse Specialist II, Cardiac Cath",Full-time · Days · $90.58–$126.81/hr,Sutter Health,Burlingame,30-60,2 years of recent relevant Cardiac Cath Lab experience,2026-09-09,2026-09-09T18:31:48+00:00,2026-09-09T18:31:48+00:00,,https://wd1.myworkdaysite.com/recruiting/sutterhealth/SH/job/Burlingame/Registered-Nurse-Specialist-II--Cardiac-Cath_R-140370
CommonSpirit / Dignity Health::100189998176,closed,,,Level I / new grad,RN Cardiac Telemetry,Cardiac Telemetry · Full-time,CommonSpirit / Dignity Health,"Redwood City, CA",30-60,"...linical nursing experience., upon hire and. The experience requirement is waived for new Grad Nurses selected for a New Grad Orientation program. and. Registered Nurse: CA, upon...",2026-9-4,2026-09-09T22:08:31+00:00,2026-09-14T20:09:27+00:00,,https://www.commonspirit.careers/job/redwood-city/rn-cardiac-telemetry/35300/100189998176
Tenet Health::2603020221,unapplied,,,Level I / new grad,Registered Nurse (RN) - Neuro ICU,Full-time,Tenet Health,"Modesto, CA",60-90,"...Current: California RN license, BLS, ACLS certification (within 6 months of hire for new grads only), PALS certification (within 6 months), TCAR required within 12 months of hire/...",2026-08-27,2026-09-09T22:08:31+00:00,2026-09-20T08:50:36+00:00,,https://eodr.fa.us2.oraclecloud.com/hcmUI/CandidateExperience/en/sites/CX_1/job/2603020221
Tenet Health::2603015823,unapplied,,,Level I / new grad,Registered Nurse (RN) - SICU CVICU,Full-time · Nights,Tenet Health,"Modesto, CA",60-90,"...ificates/Credentials: Current: CA RN license, BLS, ACLS (within 6 months of hire for new grads only), TCAR required within 12 months of hire/transfer . For current employees/trans...",2026-08-14,2026-09-09T22:08:31+00:00,2026-09-20T08:50:36+00:00,,https://eodr.fa.us2.oraclecloud.com/hcmUI/CandidateExperience/en/sites/CX_1/job/2603015823
Adventist Health::69219,unapplied,,,Level I / new grad,RN Resident | Full Time Regular | Dayshift | Surgical ICU 1,Full-time · Day,Adventist Health,"Saint Helena, CA",90-120,RN Resident | Full Time Regular | Dayshift | Surgical ICU 1,2026-08-20,2026-09-09T22:08:31+00:00,2026-09-20T08:50:36+00:00,,https://ecvz.fa.us2.oraclecloud.com/hcmUI/CandidateExperience/en/sites/CX_1/job/69219
Adventist Health::L58315-2,unapplied,,,No experience required,"Registered Nurse (RN), CVOR/Surgery, Full Time",Full-time,Adventist Health,"Lodi, CA",60-90,Acute care facility experience: Preferred.,2026-08-13,2026-09-09T22:08:31+00:00,2026-09-20T08:50:36+00:00,,https://ecvz.fa.us2.oraclecloud.com/hcmUI/CandidateExperience/en/sites/CX_1/job/L58315-2
Adventist Health::L57701-2,unapplied,,,No experience required,"RN - Cath Lab, Full-Time, Variable Shift",Full-time · Variable,Adventist Health,"Lodi, CA",60-90,Acute care facility experience: Preferred.,2026-08-06,2026-09-09T22:08:31+00:00,2026-09-20T08:50:36+00:00,,https://ecvz.fa.us2.oraclecloud.com/hcmUI/CandidateExperience/en/sites/CX_1/job/L57701-2
Adventist Health::60306,unapplied,,,No experience required,"RN Cath Lab, Per Diem Variable Shift",Per diem · Variable,Adventist Health,"Lodi, CA",60-90,Acute care facility experience: Preferred.,2026-07-31,2026-09-09T22:08:31+00:00,2026-09-20T08:50:36+00:00,,https://ecvz.fa.us2.oraclecloud.com/hcmUI/CandidateExperience/en/sites/CX_1/job/60306
Adventist Health::62271,unapplied,,,No experience required,"RN Labor and Delivery Full-time, Night shift",Full-time · Night,Adventist Health,"Lodi, CA",60-90,Acute care facility experience: Preferred.,2026-08-25,2026-09-09T22:08:31+00:00,2026-09-20T08:50:36+00:00,,https://ecvz.fa.us2.oraclecloud.com/hcmUI/CandidateExperience/en/sites/CX_1/job/62271
Adventist Health::68042,unapplied,,,No experience required,"RN - Labor and Delivery, Full-time, Night shift",Full-time · Night,Adventist Health,"Lodi, CA",60-90,Acute care facility experience: Preferred.,2026-08-25,2026-09-09T22:08:31+00:00,2026-09-20T08:50:36+00:00,,https://ecvz.fa.us2.oraclecloud.com/hcmUI/CandidateExperience/en/sites/CX_1/job/68042
Tenet Health::2603019783,closed,,,No experience required,Registered Nurse (RN) - Med Surg,Full-time · Nights,Tenet Health,"Modesto, CA",60-90,"Up to $10,000 Sign-On bonus based on experience.",2026-09-09,2026-09-09T22:08:31+00:00,2026-09-10T08:26:38+00:00,,https://eodr.fa.us2.oraclecloud.com/hcmUI/CandidateExperience/en/sites/CX_1/job/2603019783
Adventist Health::68223,unapplied,,,No experience required,"RN Psychiatry Acute, Full-time, Night Shift",Full-time · Night,Adventist Health,"Saint Helena, CA",90-120,Acute care facility experience: Preferred.,2026-08-28,2026-09-09T22:08:31+00:00,2026-09-20T08:50:36+00:00,,https://ecvz.fa.us2.oraclecloud.com/hcmUI/CandidateExperience/en/sites/CX_1/job/68223
Adventist Health::L47672-2,unapplied,,,No experience required,"RN, Float, PACU, Full Time, Night Shift, St Helena",Full-time · Night,Adventist Health,"Saint Helena, CA",90-120,Acute care facility experience: Preferred.,2026-07-01,2026-09-09T22:08:31+00:00,2026-09-20T08:50:36+00:00,,https://ecvz.fa.us2.oraclecloud.com/hcmUI/CandidateExperience/en/sites/CX_1/job/L47672-2
Adventist Health::61943,unapplied,,,No experience required,"RN Surgery - Full Time, Variable Shift",Full-time · Variable,Adventist Health,"Saint Helena, CA",90-120,Acute care facility experience: Preferred.,2026-07-09,2026-09-09T22:08:31+00:00,2026-09-20T08:50:36+00:00,,https://ecvz.fa.us2.oraclecloud.com/hcmUI/CandidateExperience/en/sites/CX_1/job/61943
Adventist Health::59399,unapplied,,,No experience required,"RN, Oncology (Outpatient Clinic) | Per Diem | Dayshift | St. Helena",Per diem,Adventist Health,"Saint Helena, CA",90-120,Oncology nurse experience in a radiation department: Preferred.,2026-08-05,2026-09-09T22:08:31+00:00,2026-09-20T08:50:36+00:00,,https://ecvz.fa.us2.oraclecloud.com/hcmUI/CandidateExperience/en/sites/CX_1/job/59399
Adventist Health::61952,unapplied,,,No experience required,"RN Outpatient Surgery - Part Time, Day Shift",Part-time · Day,Adventist Health,"Saint Helena, CA",90-120,Acute care facility experience: Preferred.,2026-04-26,2026-09-09T22:08:31+00:00,2026-09-20T08:50:36+00:00,,https://ecvz.fa.us2.oraclecloud.com/hcmUI/CandidateExperience/en/sites/CX_1/job/61952
Adventist Health::64425,unapplied,,,No experience required,RN | Part Time Regular | Dayshift | Telemetry 1,Part-time,Adventist Health,"Saint Helena, CA",90-120,Acute care facility experience: Preferred.,2026-08-05,2026-09-09T22:08:31+00:00,2026-09-20T08:50:36+00:00,,https://ecvz.fa.us2.oraclecloud.com/hcmUI/CandidateExperience/en/sites/CX_1/job/64425
Adventist Health::64428,unapplied,,,No experience required,RN | Part Time Regular | Dayshift | Telemetry 1,Part-time,Adventist Health,"Saint Helena, CA",90-120,Acute care facility experience: Preferred.,2026-06-03,2026-09-09T22:08:31+00:00,2026-09-20T08:50:36+00:00,,https://ecvz.fa.us2.oraclecloud.com/hcmUI/CandidateExperience/en/sites/CX_1/job/64428
Adventist Health::64795,unapplied,,,No experience required,"RN, Emergency Dept, Full Time, Days",Full-time · Days,Adventist Health,"Saint Helena, CA",90-120,Acute care facility experience: Preferred.,2026-06-03,2026-09-09T22:08:31+00:00,2026-09-20T08:50:36+00:00,,https://ecvz.fa.us2.oraclecloud.com/hcmUI/CandidateExperience/en/sites/CX_1/job/64795
Adventist Health::67173,unapplied,,,No experience required,"RN Behavioral Medical Unit, Part-Time, Night Shift",Part-time · Night,Adventist Health,"Saint Helena, CA",90-120,Acute care facility experience: Preferred.,2026-06-12,2026-09-09T22:08:31+00:00,2026-09-20T08:50:36+00:00,,https://ecvz.fa.us2.oraclecloud.com/hcmUI/CandidateExperience/en/sites/CX_1/job/67173
Adventist Health::69019,unapplied,,,No experience required,RN | Part time Regular | Dayshift | Telemetry 1,Part-time,Adventist Health,"Saint Helena, CA",90-120,Acute care facility experience: Preferred.,2026-07-22,2026-09-09T22:08:31+00:00,2026-09-20T08:50:36+00:00,,https://ecvz.fa.us2.oraclecloud.com/hcmUI/CandidateExperience/en/sites/CX_1/job/69019
Adventist Health::69931,unapplied,,,No experience required,RN,Full-time · Night,Adventist Health,"Saint Helena, CA",90-120,Acute care facility experience: Preferred.,2026-08-06,2026-09-09T22:08:31+00:00,2026-09-20T08:50:36+00:00,,https://ecvz.fa.us2.oraclecloud.com/hcmUI/CandidateExperience/en/sites/CX_1/job/69931
Adventist Health::70714,closed,,,No experience required,RN | Full Time Regular | Dayshift | Cath Lab,Full-time · Day,Adventist Health,"Saint Helena, CA",90-120,Acute care facility experience: Preferred.,2026-08-21,2026-09-09T22:08:31+00:00,2026-09-15T08:55:35+00:00,,https://ecvz.fa.us2.oraclecloud.com/hcmUI/CandidateExperience/en/sites/CX_1/job/70714
MarinHealth::MHMN20 - 1691,unapplied,,,Requirements unclear,"Certified Nurse Midwife, ObGyn/UroGyn, (Larkspur), Part-Time, Days",Part-time · Days · $80.00–$92.50/hr,MarinHealth,"Greenbrae, CA",30-60,"3 years of experience as a Certified Nurse Midwife, preferred",2026-07-24,2026-09-09T22:08:31+00:00,2026-09-20T08:50:36+00:00,,https://mymarinhealth.wd5.myworkdayjobs.com/MHCareers/job/Greenbrae-CA/Certified-Nurse-Midwife--ObGyn-UroGyn_JR102157
MarinHealth::MHMN20 - 1629,unapplied,,,Requirements unclear,"Certified Nurse Midwife, ObGyn, (Greenbrae), Per Diem, Variable Shifts",Per diem · Variable · $80.00–$92.50/hr,MarinHealth,"Greenbrae, CA",30-60,"3 years of experience as a Certified Nurse Midwife, preferred",2026-05-14,2026-09-09T22:08:31+00:00,2026-09-20T08:50:36+00:00,,https://mymarinhealth.wd5.myworkdayjobs.com/MHCareers/job/Greenbrae-CA/Certified-Nurse-Midwife--ObGyn---Greenbrae---Per-Diem--Variable-Shifts_JR101950
CommonSpirit / Dignity Health::100047712560,unapplied,,,Requirements unclear,Labor and Delivery RN,Labor And Delivery Services · Full-time,CommonSpirit / Dignity Health,"Sacramento, CA",60-90,6 - months,2026-9-8,2026-09-09T22:08:31+00:00,2026-09-20T08:50:36+00:00,,https://www.commonspirit.careers/job/sacramento/labor-and-delivery-rn/35300/100047712560
CommonSpirit / Dignity Health::100047712480,unapplied,,,Requirements unclear,Labor and Delivery RN,Labor And Delivery Services · Full-time,CommonSpirit / Dignity Health,"Sacramento, CA",60-90,6 - months,2026-9-8,2026-09-09T22:08:31+00:00,2026-09-20T08:50:36+00:00,,https://www.commonspirit.careers/job/sacramento/labor-and-delivery-rn/35300/100047712480
CommonSpirit / Dignity Health::88399694560,unapplied,,,Requirements unclear,EP Lab Nurse,Electrophysiology Laboratory · Per diem,CommonSpirit / Dignity Health,"Sacramento, CA",60-90,One (1) year RN in an Electrophysiology or Cardiac Catheterization lab,2026-8-17,2026-09-09T22:08:31+00:00,2026-09-20T08:50:36+00:00,,https://www.commonspirit.careers/job/sacramento/ep-lab-nurse/35300/88399694560
NorthBay Health::5676,closed,,,Requirements unclear,Women's Health RN - VVHP (Per Diem),Per diem,NorthBay Health,"Vacaville, CA",60-90,"Minimum of one-year experience in an ambulatory or acute care setting, specific experience in Labor",2026-09-04,2026-09-09T22:08:31+00:00,2026-09-16T08:51:18+00:00,,https://erou.fa.us2.oraclecloud.com/hcmUI/CandidateExperience/en/sites/CX_1/job/5676
NorthBay Health::5677,unapplied,,,Requirements unclear,"Integrative Primary Care RN - NPIG (Full-Time, Day)",Full-time · $70.69–$85.93/hr,NorthBay Health,"Napa, CA",60-90,Minimum two (2) years RN experience,2026-09-04,2026-09-09T22:08:31+00:00,2026-09-20T08:50:36+00:00,,https://erou.fa.us2.oraclecloud.com/hcmUI/CandidateExperience/en/sites/CX_1/job/5677
NorthBay Health::5349,unapplied,,,Requirements unclear,Integrative Primary Care RN,Full-time · $70.69–$85.93/hr,NorthBay Health,"Napa, CA",60-90,Minimum two (2) years RN experience,2026-08-31,2026-09-09T22:08:31+00:00,2026-09-20T08:50:36+00:00,,https://erou.fa.us2.oraclecloud.com/hcmUI/CandidateExperience/en/sites/CX_1/job/5349
Tenet Health::2603007577,unapplied,,,Requirements unclear,Registered Nurse (RN) - Interventional Radiology,Full-time,Tenet Health,"Modesto, CA",60-90,3 Years of experience,2026-04-20,2026-09-09T22:08:31+00:00,2026-09-20T08:50:36+00:00,,https://eodr.fa.us2.oraclecloud.com/hcmUI/CandidateExperience/en/sites/CX_1/job/2603007577
Salinas Valley Health::Regular,unapplied,,,Requirements unclear,Employee Health Nurse,Full-time · Day · $68.99–$90.00/hr,Salinas Valley Health,"Salinas, CA",90-120,Two (2) years Registered Nurse experience required with one (1) year experience working in Em,2026-06-09,2026-09-09T22:08:31+00:00,2026-09-20T08:50:36+00:00,,https://salinasvalleyhealth.wd5.myworkdayjobs.com/SalinasValleyHealth/job/Salinas-CA/Employee-Health-Nurse_SVH-103193
Tenet Health::2603020397,closed,,,Requirements unclear,Registered Nurse (RN) – ER,Part-time · Days,Tenet Health,"Turlock, CA",90-120,"Shift: Days. Job Type: Per Diem. Holiday Rotation: Department: Emergency Room. Accountable for utilizing the nursing process to assess patient condition, formulate an app",2026-08-20,2026-09-09T22:08:31+00:00,2026-09-10T23:19:15+00:00,,https://eodr.fa.us2.oraclecloud.com/hcmUI/CandidateExperience/en/sites/CX_1/job/2603020397
UCSF Health::1537,unapplied,,,Requirements unclear,"Trauma Performance Improvement Nurse, *Sign-On Bonus Eligible*",,UCSF Health,"Oakland, CA",<30,12 months prior to the proposed rehire date,2026-05-05,2026-09-09T22:08:31+00:00,2026-09-20T08:50:36+00:00,,https://iazuqy.fa.ocs.oraclecloud.com/hcmUI/CandidateExperience/en/sites/CX_1/job/1537
CommonSpirit / Dignity Health::97928963264,unapplied,,,Requirements unclear,RN Labor and Delivery EXPERIENCED,Labor And Delivery Services,CommonSpirit / Dignity Health,"Redwood City, CA",30-60,,2026-9-1,2026-09-09T22:08:31+00:00,2026-09-20T08:50:36+00:00,,https://www.commonspirit.careers/job/redwood-city/rn-labor-and-delivery-experienced/35300/97928963264
MarinHealth::MHMN20 - 1685,unapplied,,,"Experience required, not acute","Nurse (RN), Pediatrics, (San Rafael/Novato), Full-Time, Days",Full-time · Days · $58.68–$73.84/hr,MarinHealth,"San Rafael, CA (+1 more)",30-60,• Three to five years of practical RN experience;,2026-09-09,2026-09-09T22:08:31+00:00,2026-09-20T08:50:36+00:00,,https://mymarinhealth.wd5.myworkdayjobs.com/MHCareers/job/San-Rafael-CA/Nurse--RN---Pediatrics---San-Rafael-Novato---Full-Time--Days_JR102279
MarinHealth::MHMN20 - 1321,closed,,,"Experience required, not acute","Nurse (RN)-Clinical Practice and Operations, Network Administration, (Novato), Full-Time, Days",Full-time · Days,MarinHealth,"Novato, CA",30-60,Minimum of 3 years in a clinical nursing role;,2026-06-24,2026-09-09T22:08:31+00:00,2026-09-15T23:42:54+00:00,,https://mymarinhealth.wd5.myworkdayjobs.com/MHCareers/job/Novato-CA/Nurse--RN--Clinical-Practice-and-Operations--Network-Administration---Novato---Full-Time--Days_JR102081
NorthBay Health::5033,unapplied,,,"Experience required, not acute","Registered Nurse First Assistant,RNFA (Per Diem, Days)",Per diem · Days,NorthBay Health,"Fairfield, CA",30-60,Experience and Skills: Two (2) years’ experience as an RN in the operating room.,2026-04-10,2026-09-09T22:08:31+00:00,2026-09-20T08:50:36+00:00,,https://erou.fa.us2.oraclecloud.com/hcmUI/CandidateExperience/en/sites/CX_1/job/5033
NorthBay Health::5380,unapplied,,,"Experience required, not acute",Inpatient Certified Nurse Midwife,,NorthBay Health,"Fairfield, CA",30-60,Minimum of 2 years active CNM clinical practice experience,2026-06-12,2026-09-09T22:08:31+00:00,2026-09-20T08:50:36+00:00,,https://erou.fa.us2.oraclecloud.com/hcmUI/CandidateExperience/en/sites/CX_1/job/5380
Tenet Health::2603016285,unapplied,,,"Experience required, not acute",Ambulatory OR RN,Full-time · Days,Tenet Health,"San Ramon, CA",30-60,Minimum of recent six (6) months of OR RN experience required;,2026-08-27,2026-09-09T22:08:31+00:00,2026-09-20T08:50:36+00:00,,https://eodr.fa.us2.oraclecloud.com/hcmUI/CandidateExperience/en/sites/CX_1/job/2603016285
Tenet Health::2603018829,unapplied,,,"Experience required, not acute",Registered Nurse (RN) -Wound,Part-time,Tenet Health,"San Ramon, CA",30-60,"Minimum Experience/Skills: Minimum of one (1) years experience in an acute clinical nursing department, ideally a medical surgical or specialty area.",2026-07-28,2026-09-09T22:08:31+00:00,2026-09-20T08:50:36+00:00,,https://eodr.fa.us2.oraclecloud.com/hcmUI/CandidateExperience/en/sites/CX_1/job/2603018829
UCSF Health::6719,unapplied,,,"Experience required, not acute","Registered Nurse PD - Infusion Centers, Peninsula",,UCSF Health,"Burlingame, CA",30-60,Minimum 2 year of recent outpatient Infusion experience administering chemotherapy/biotherapy within last 3 years.,2026-08-26,2026-09-09T22:08:31+00:00,2026-09-20T08:50:36+00:00,,https://iazuqy.fa.ocs.oraclecloud.com/hcmUI/CandidateExperience/en/sites/CX_1/job/6719
Adventist Health::L49892-2,unapplied,,,"Experience required, not acute","RN, First Assistant - AHLM (Specialty)",,Adventist Health,"Lodi, CA",60-90,Two years' perioperative nursing,2026-03-31,2026-09-09T22:08:31+00:00,2026-09-20T08:50:36+00:00,,https://ecvz.fa.us2.oraclecloud.com/hcmUI/CandidateExperience/en/sites/CX_1/job/L49892-2
CommonSpirit / Dignity Health::100397445296,closed,,,"Experience required, not acute",RN Skilled Nursing,Skilled Nursing Care · Part-time,CommonSpirit / Dignity Health,"Sacramento, CA",60-90,"Job Requirements Required: One (1) year of SNF/LTC experience in care of the aged, acutely ill, chronically ill, and patients in need of restorative care.",2026-9-9,2026-09-09T22:08:31+00:00,2026-09-15T08:55:35+00:00,,https://www.commonspirit.careers/job/sacramento/rn-skilled-nursing/35300/100397445296
CommonSpirit / Dignity Health::98468917520,closed,,,"Experience required, not acute",Wound Care Nurse,Skilled Nursing Care · Full-time,CommonSpirit / Dignity Health,"Sacramento, CA",60-90,"Job Requirements Required: One (1) year of SNF/LTC experience in care of the aged, acutely ill, chronically ill, and patients in need of restorative care.",2026-9-9,2026-09-09T22:08:31+00:00,2026-09-16T08:51:18+00:00,,https://www.commonspirit.careers/job/sacramento/wound-care-nurse/35300/98468917520
CommonSpirit / Dignity Health::100081189072,closed,,,"Experience required, not acute",Allergy RN,Allergy · Full-time,CommonSpirit / Dignity Health,"Sacramento, CA",60-90,One (1) year experience in an outpatient setting as a Registered Nurse.,2026-9-2,2026-09-09T22:08:31+00:00,2026-09-09T23:16:02+00:00,,https://www.commonspirit.careers/job/sacramento/allergy-rn/35300/100081189072
CommonSpirit / Dignity Health::96934996448,unapplied,,,"Experience required, not acute",Surgical First Assist RN,Surgery · Per diem,CommonSpirit / Dignity Health,"Stockton, CA",60-90,Three (3) years operating room experience as an RN or one (1) year current surgical first assistant experience required.,2026-6-25,2026-09-09T22:08:31+00:00,2026-09-20T08:50:36+00:00,,https://www.commonspirit.careers/job/stockton/surgical-first-assist-rn/35300/96934996448
NorthBay Health::5641,unapplied,,,"Experience required, not acute","Wound Ostomy Nurse (Full-Time, Day)",Full-time,NorthBay Health,"Vacaville, CA",60-90,Prior working experience in the particular area of specialty is required.,2026-08-31,2026-09-09T22:08:31+00:00,2026-09-20T08:50:36+00:00,,https://erou.fa.us2.oraclecloud.com/hcmUI/CandidateExperience/en/sites/CX_1/job/5641
Providence::454403,closed,,,"Experience required, not acute",RN - Labor and Delivery - Per Diem Night,Per diem,Providence,"Napa, CA",60-90,1 year of Nursing experience.,2026-09-08,2026-09-09T22:08:31+00:00,2026-09-18T18:24:19+00:00,,https://evac.fa.us2.oraclecloud.com/hcmUI/CandidateExperience/en/sites/CX_1/job/454403
Providence::453446,closed,,,"Experience required, not acute",RN - Emergency Services - Per Diem Variable,Per diem · Variable,Providence,"Napa, CA",60-90,1 year of Nursing experience.,2026-09-03,2026-09-09T22:08:31+00:00,2026-09-14T09:09:36+00:00,,https://evac.fa.us2.oraclecloud.com/hcmUI/CandidateExperience/en/sites/CX_1/job/453446
Providence::456920,closed,,,"Experience required, not acute",RN - Emergency Services - Full Time Night,Full-time · Night,Providence,"Napa, CA",60-90,1 year of nursing experience.,2026-09-03,2026-09-09T22:08:31+00:00,2026-09-15T19:04:43+00:00,,https://evac.fa.us2.oraclecloud.com/hcmUI/CandidateExperience/en/sites/CX_1/job/456920
San Joaquin County::0826-RH1106-A2,closed,,,"Experience required, not acute",Staff Nurse V - ADM - Inpatient - Float Pool,S J General Hospital · $2550/yr,San Joaquin County,French Camp,60-90,Candidates are required to read the Online Exam Guide for Test Takers prior to taking an online written exam.,,2026-09-09T22:08:31+00:00,2026-09-17T23:44:10+00:00,,https://www.jobapscloud.com/SJQ/sup/bulpreview.asp?b=&R1=0826&R2=RH1106&R3=A2
San Joaquin County::0626-RH1106-A2,unapplied,,,"Experience required, not acute",Staff Nurse V - ADM - Inpt - NICU,S J General Hospital · Full-time · $2550/yr,San Joaquin County,French Camp,60-90,Candidates are required to read the Online Exam Guide for Test Takers prior to taking an online written exam.,,2026-09-09T22:08:31+00:00,2026-09-20T08:50:36+00:00,,https://www.jobapscloud.com/SJQ/sup/bulpreview.asp?b=&R1=0626&R2=RH1106&R3=A2
San Joaquin County::0826-RH1106-AC,unapplied,,,"Experience required, not acute",Staff Nurse V - ADM -Inpatient - Case Management,S J General Hospital · $2550/yr,San Joaquin County,French Camp,60-90,"Eligible lists are effective for nine months, but may be extended by the Human Resources Director for a period which shall not exceed a total of three years from the date established.",,2026-09-09T22:08:31+00:00,2026-09-20T08:50:36+00:00,,https://www.jobapscloud.com/SJQ/sup/bulpreview.asp?b=&R1=0826&R2=RH1106&R3=AC
Tenet Health::2603002473,closed,,,"Experience required, not acute",Registered Nurse (RN) - Cath Lab,Part-time · Days,Tenet Health,"Modesto, CA",60-90,3 years Cath Lab experience.,2026-02-12,2026-09-09T22:08:31+00:00,2026-09-09T23:16:02+00:00,,https://eodr.fa.us2.oraclecloud.com/hcmUI/CandidateExperience/en/sites/CX_1/job/2603002473
Tenet Health::2603004001,closed,,,"Experience required, not acute",Registered Nurse (RN) - Cath Lab,Full-time · Days,Tenet Health,"Modesto, CA",60-90,2 years Cath Lab experience.,2026-07-28,2026-09-09T22:08:31+00:00,2026-09-09T23:16:02+00:00,,https://eodr.fa.us2.oraclecloud.com/hcmUI/CandidateExperience/en/sites/CX_1/job/2603004001
Tenet Health::2603004327,closed,,,"Experience required, not acute",Registered Nurse (RN) - Cath Lab,Full-time · Days,Tenet Health,"Modesto, CA",60-90,3 years Cath Lab experience.,2026-06-24,2026-09-09T22:08:31+00:00,2026-09-09T23:16:02+00:00,,https://eodr.fa.us2.oraclecloud.com/hcmUI/CandidateExperience/en/sites/CX_1/job/2603004327
Adventist Health::62418,unapplied,,,"Experience required, not acute","RN, Float Pool (Leadership)",,Adventist Health,"Roseville, CA",90-120,Five years' clinical,2026-04-30,2026-09-09T22:08:31+00:00,2026-09-20T08:50:36+00:00,,https://ecvz.fa.us2.oraclecloud.com/hcmUI/CandidateExperience/en/sites/CX_1/job/62418
CommonSpirit / Dignity Health::96567713088,unapplied,,,"Experience required, not acute",Labor and Delivery RN,Family Birth Center · Full-time,CommonSpirit / Dignity Health,"Folsom, CA",90-120,1 year of Labor and Delivery experience.,2026-9-1,2026-09-09T22:08:31+00:00,2026-09-20T08:50:36+00:00,,https://www.commonspirit.careers/job/folsom/labor-and-delivery-rn/35300/96567713088
CommonSpirit / Dignity Health::100401908464,closed,,,"Experience required, not acute",RN,Emergency Services · Full-time,CommonSpirit / Dignity Health,"Merced, CA",90-120,15K Sign On Bonus for Eligible/Qualified/Experienced External Candidates with minimum 2yrs ED RN Experience.,2026-9-9,2026-09-09T22:08:31+00:00,2026-09-14T09:09:36+00:00,,https://www.commonspirit.careers/job/merced/rn/35300/100401908464
Providence::454489,unapplied,,,"Experience required, not acute",RN - Gastroenterology - Full Time Day,Full-time · Day,Providence,"Santa Rosa, CA",90-120,1 year of Nursing experience.,2026-09-02,2026-09-09T22:08:31+00:00,2026-09-20T08:50:36+00:00,,https://evac.fa.us2.oraclecloud.com/hcmUI/CandidateExperience/en/sites/CX_1/job/454489
Providence::457195,closed,,,"Experience required, not acute",RN - Medical Surgical 3E Oncology - Nights Full Time,Full-time · Nights,Providence,"Santa Rosa, CA",90-120,1 year Nursing experience.,2026-09-04,2026-09-09T22:08:31+00:00,2026-09-16T08:51:18+00:00,,https://evac.fa.us2.oraclecloud.com/hcmUI/CandidateExperience/en/sites/CX_1/job/457195
Providence::449407,closed,,,"Experience required, not acute",RN - Main OR - Full Time Evening,Full-time · Evening,Providence,"Santa Rosa, CA",90-120,1 year - Nursing experience.,2026-08-20,2026-09-09T22:08:31+00:00,2026-09-16T08:51:18+00:00,,https://evac.fa.us2.oraclecloud.com/hcmUI/CandidateExperience/en/sites/CX_1/job/449407
Tenet Health::2603020754,closed,,,"Experience required, not acute",Registered Nurse (RN) – ER,Full-time · Evenings,Tenet Health,"Turlock, CA",90-120,Minimum 1yr experience.,2026-09-01,2026-09-09T22:08:31+00:00,2026-09-10T23:19:15+00:00,,https://eodr.fa.us2.oraclecloud.com/hcmUI/CandidateExperience/en/sites/CX_1/job/2603020754
Tenet Health::2603012736,closed,,,"Experience required, not acute",Registered Nurse (RN) - L&D Day,Full-time,Tenet Health,"Turlock, CA",90-120,Minimum of one year of L&D experience required.,2026-07-07,2026-09-09T22:08:31+00:00,2026-09-11T18:27:40+00:00,,https://eodr.fa.us2.oraclecloud.com/hcmUI/CandidateExperience/en/sites/CX_1/job/2603012736
St. Rose Hospital::STROS693591,unapplied,,,"Experience required, not acute",RN - Emergency 335,Acute hospital · Per diem · NOC 1900-0700 · $89.51–$113.38/hr,St. Rose Hospital,"Hayward, CA",<30,Stated experience requirement: Minimum 1 Year.,,2026-09-09T22:08:31+00:00,2026-09-20T08:50:36+00:00,,https://app.smarthires.com/showempjob.htm?viewId=pTtFOEtj96s%3D
St. Rose Hospital::STROS693592,unapplied,,,"Experience required, not acute",RN - Emergency 336,Acute hospital · Full-time · AM 0900-2100 · $60.64–$90.22/hr,St. Rose Hospital,"Hayward, CA",<30,Stated experience requirement: Minimum 1 Year.,,2026-09-09T22:08:31+00:00,2026-09-20T08:50:36+00:00,,https://app.smarthires.com/showempjob.htm?viewId=uJvLhpQc4%2BI%3D
St. Rose Hospital::STROS693593,unapplied,,,"Experience required, not acute",RN - Emergency 337,Acute hospital · Full-time · PM 1100-2300 · $60.64–$90.22/hr,St. Rose Hospital,"Hayward, CA",<30,Stated experience requirement: Minimum 1 Year.,,2026-09-09T22:08:31+00:00,2026-09-20T08:50:36+00:00,,https://app.smarthires.com/showempjob.htm?viewId=Lo%2FVo2TJucM%3D
UCSF Health::8224,closed,,,"Experience required, not acute",Registered Nurse - Pediatric ENT (BCH-Oakland),,UCSF Health,"Oakland, CA",<30,Required Qualifications: Two (2) or more years of recent pediatric medical/surgical nursing experience.,2026-09-09,2026-09-09T22:08:31+00:00,2026-09-16T23:50:46+00:00,,https://iazuqy.fa.ocs.oraclecloud.com/hcmUI/CandidateExperience/en/sites/CX_1/job/8224
UCSF Health::8261,unapplied,,,"Experience required, not acute",RN Operating Room ML/HOPE POD,,UCSF Health,"San Francisco, CA",<30,Required qualifications: Minimum 2–3 years of recent Adult Operating Room (OR) Registered Nurse clinical experience.,2026-09-09,2026-09-09T22:08:31+00:00,2026-09-20T08:50:36+00:00,,https://iazuqy.fa.ocs.oraclecloud.com/hcmUI/CandidateExperience/en/sites/CX_1/job/8261
UCSF Health::8610,closed,,,"Experience required, not acute","Registered Nurse- Operating Room Bayfront (FT, days)",Full-time · Days,UCSF Health,"San Francisco, CA",<30,Minimum two years of recent RN clinical experience in an adult operation room in an out-patient setting.,2026-09-09,2026-09-09T22:08:31+00:00,2026-09-11T23:22:49+00:00,,https://iazuqy.fa.ocs.oraclecloud.com/hcmUI/CandidateExperience/en/sites/CX_1/job/8610
UCSF Health::7063,unapplied,,,"Experience required, not acute","Resource Pool Nurse - Infusion (PT .8, day)",Full-time,UCSF Health,"San Francisco, CA",<30,Required Qualifications: Recent two (2) years RN outpatient infusion experience in clinical oncology.,2026-09-02,2026-09-09T22:08:31+00:00,2026-09-20T08:50:36+00:00,,https://iazuqy.fa.ocs.oraclecloud.com/hcmUI/CandidateExperience/en/sites/CX_1/job/7063
UCSF Health::8443,closed,,,"Experience required, not acute","RN Ortho Institute Operating Room, Per Diem",Per diem,UCSF Health,"San Francisco, CA",<30,2+ years of orthopaedic OR experience.,2026-09-03,2026-09-09T22:08:31+00:00,2026-09-09T23:16:02+00:00,,https://iazuqy.fa.ocs.oraclecloud.com/hcmUI/CandidateExperience/en/sites/CX_1/job/8443
UCSF Health::8635,closed,,,"Experience required, not acute",Registered Nurse- Primary Care,,UCSF Health,"San Francisco, CA",<30,Minimum 5 years experience as a Registered Nurse.,2026-09-04,2026-09-09T22:08:31+00:00,2026-09-10T23:19:15+00:00,,https://iazuqy.fa.ocs.oraclecloud.com/hcmUI/CandidateExperience/en/sites/CX_1/job/8635
UCSF Health::8748,closed,,,"Experience required, not acute","Registered Nurse - Ophthalmology (FT, day, 8am-5pm)",Full-time,UCSF Health,"San Francisco, CA",<30,Three years of clinical nursing experience.,2026-09-04,2026-09-09T22:08:31+00:00,2026-09-10T23:19:15+00:00,,https://iazuqy.fa.ocs.oraclecloud.com/hcmUI/CandidateExperience/en/sites/CX_1/job/8748
UCSF Health::8808,closed,,,"Experience required, not acute","Registered Nurse - Ophthalmology (FT, day, 10am-7pm)",Full-time,UCSF Health,"San Francisco, CA",<30,Three years of clinical nursing experience.,2026-09-04,2026-09-09T22:08:31+00:00,2026-09-10T23:19:15+00:00,,https://iazuqy.fa.ocs.oraclecloud.com/hcmUI/CandidateExperience/en/sites/CX_1/job/8808
UCSF Health::8200,closed,,,"Experience required, not acute",NURSE PRACT 2,,UCSF Health,"San Francisco, CA",<30,These NPs have at least six (6) months of NP experience.,2026-08-28,2026-09-09T22:08:31+00:00,2026-09-11T23:22:49+00:00,,https://iazuqy.fa.ocs.oraclecloud.com/hcmUI/CandidateExperience/en/sites/CX_1/job/8200
UCSF Health::8210,unapplied,,,"Experience required, not acute",NURSE PRACT 2,Full-time,UCSF Health,"San Francisco, CA",<30,"Four years or greater NP experience in OB/GYN within the past five years, including managing patients independently.",2026-08-31,2026-09-09T22:08:31+00:00,2026-09-20T08:50:36+00:00,,https://iazuqy.fa.ocs.oraclecloud.com/hcmUI/CandidateExperience/en/sites/CX_1/job/8210
UCSF Health::CONV_88158BR,closed,,,"Experience required, not acute",Pediatric Wound Ostomy Clinical Nurse - BCH Oakland,,UCSF Health,"San Francisco, CA",<30,Minimum of two (2) years of recent clinical RN experience in a relevant specialty area.,2026-03-26,2026-09-09T22:08:31+00:00,2026-09-15T00:01:02+00:00,,https://iazuqy.fa.ocs.oraclecloud.com/hcmUI/CandidateExperience/en/sites/CX_1/job/CONV_88158BR
UCSF Health::4154,unapplied,,,"Experience required, not acute","Senior Nurse Anesthestist, PD",,UCSF Health,"San Francisco, CA",<30,Minimum one (1) year of CRNA experience.,2026-06-16,2026-09-09T22:08:31+00:00,2026-09-20T08:50:36+00:00,,https://iazuqy.fa.ocs.oraclecloud.com/hcmUI/CandidateExperience/en/sites/CX_1/job/4154
City & County of San Francisco::3743990015162096,closed,,,"Experience required, not acute",Public Health Nurse (2830) – Citywide – H00203,Public Health · Full-time,City & County of San Francisco,San Francisco,<30,(Required) LICENSE : Possession of a valid permanent/temporary California license as a Registered Nurse issued by the California Board of Registered Nursing;,2026-09-09,2026-09-09T23:16:02+00:00,2026-09-16T23:50:46+00:00,,https://jobs.smartrecruiters.com/CityAndCountyOfSanFrancisco1/3743990015162096-public-health-nurse-2830-citywide-h00203
Adventist Health::71271,unapplied,,,No experience required,"RN, Oncology (Outpatient), Cancer Center, Day Shift, Full-time",Full-time · Day,Adventist Health,"Saint Helena, CA",90-120,Oncology nurse experience in a radiation department: Preferred.,2026-09-09,2026-09-10T08:26:38+00:00,2026-09-20T08:50:36+00:00,,https://ecvz.fa.us2.oraclecloud.com/hcmUI/CandidateExperience/en/sites/CX_1/job/71271
Sutter Health::R-138280,unapplied,,,"Experience required, not acute","Registered Nurse, Emergency - Limited Term",Full-time · Varied · $76.40–$101.18/hr,Sutter Health,Davis,60-90,2 years of recent relevant experience.,2026-09-09,2026-09-10T08:26:38+00:00,2026-09-20T08:50:36+00:00,,https://wd1.myworkdaysite.com/recruiting/sutterhealth/SH/job/Davis/Registered-Nurse--Emergency---Limited-Term_R-138280-1
UCSF Health::8763,closed,,,"Experience required, not acute",Registered Nurse - Pediatric Neurology,,UCSF Health,"San Francisco, CA",<30,Required Qualifications: Minimum of three (3) years of RN clinical employment experience in pediatric neurology and care coordination experience either in ambulatory practice or case management within,2026-09-10,2026-09-10T08:26:38+00:00,2026-09-16T23:50:46+00:00,,https://iazuqy.fa.ocs.oraclecloud.com/hcmUI/CandidateExperience/en/sites/CX_1/job/8763
Tenet Health::2603015071,unapplied,,,Level I / new grad,Registered Nurse (RN) - Operating Room,Full-time,Tenet Health,"Modesto, CA",60-90,...ent California RN license. Current BLS. ACLS within nine months (within one year for new graduates). PALS within one year. TCAR required within 12 months of hire/transfer . Physical D...,2026-09-10,2026-09-10T23:19:15+00:00,2026-09-20T08:50:36+00:00,,https://eodr.fa.us2.oraclecloud.com/hcmUI/CandidateExperience/en/sites/CX_1/job/2603015071
Adventist Health::71871,closed,,,No experience required,"RN - Medical ICU, Full-time, Night Shift",Full-time · Night,Adventist Health,"Lodi, CA",60-90,Acute care facility experience: Preferred.,2026-09-10,2026-09-10T23:19:15+00:00,2026-09-13T18:12:20+00:00,,https://ecvz.fa.us2.oraclecloud.com/hcmUI/CandidateExperience/en/sites/CX_1/job/71871
CommonSpirit / Dignity Health::100447858240,closed,,,"Experience required, not acute",RN Skilled Nursing,Skilled Nursing Care · Per diem,CommonSpirit / Dignity Health,"Sacramento, CA",60-90,"Job Requirements Required: One (1) year of experience in care of the aged, acutely ill, chronically ill, and patients in need of restorative care.",2026-9-10,2026-09-10T23:19:15+00:00,2026-09-15T08:55:35+00:00,,https://www.commonspirit.careers/job/sacramento/rn-skilled-nursing/35300/100447858240
CommonSpirit / Dignity Health::100447858176,closed,,,"Experience required, not acute",RN Skilled Nursing,Skilled Nursing Care · Per diem,CommonSpirit / Dignity Health,"Sacramento, CA",60-90,"Job Requirements Required: One (1) year of experience in care of the aged, acutely ill, chronically ill, and patients in need of restorative care.",2026-9-10,2026-09-10T23:19:15+00:00,2026-09-15T19:04:43+00:00,,https://www.commonspirit.careers/job/sacramento/rn-skilled-nursing/35300/100447858176
PACS Group::JR181632,unapplied,,,"Experience required, not acute",RN- Part Time,Santa Rosa Post Acute · Skilled nursing · Part-time · $48–$57/hr,PACS Group,Santa Rosa,90-120,2 years or more experience preferably in a long-term care facility.,2026-09-10,2026-09-10T23:19:15+00:00,2026-09-20T08:50:36+00:00,,https://pacs.wd108.myworkdayjobs.com/pacs/job/Santa-Rosa-Post-Acute/RN--Part-Time_JR181632
UCSF Health::8340,unapplied,,,"Experience required, not acute","Registered Nurse-  Operating Room Bayfront (FT, evening)",Full-time,UCSF Health,"San Francisco, CA",<30,Minimum two years of recent RN clinical experience in an adult operation room in an out-patient setting.,2026-09-10,2026-09-10T23:19:15+00:00,2026-09-20T08:50:36+00:00,,https://iazuqy.fa.ocs.oraclecloud.com/hcmUI/CandidateExperience/en/sites/CX_1/job/8340
CommonSpirit / Dignity Health::100465449760,unapplied,,,Requirements unclear,RN,Labor And Delivery Services,CommonSpirit / Dignity Health,"Merced, CA",90-120,,2026-9-10,2026-09-11T08:23:43+00:00,2026-09-20T08:50:36+00:00,,https://www.commonspirit.careers/job/merced/rn/35300/100465449760
CommonSpirit / Dignity Health::100465449600,unapplied,,,Requirements unclear,RN,Emergency Services · Per diem,CommonSpirit / Dignity Health,"Merced, CA",90-120,18 months,2026-9-10,2026-09-11T08:23:43+00:00,2026-09-20T08:50:36+00:00,,https://www.commonspirit.careers/job/merced/rn/35300/100465449600
County of Santa Clara::5476924,unapplied,,,Level I / new grad,Clinical Nurse III - Operating Room,County-Wide Recruitment,County of Santa Clara,San Jose,60-90,...mental health hospitals and clinics providing psychiatric and nursing interventions New Graduate Nurses do not meet the requirements for a Clinical Nurse III. Clinical Nurse III wou...,2026-09-10,2026-09-11T18:27:40+00:00,2026-09-20T08:50:36+00:00,,https://www.governmentjobs.com/careers/santaclara/jobs/5476924/clinical-nurse-iii-operating-room
Adventist Health::69021,unapplied,,,No experience required,RN | Part Time Regular | Dayshift | Telemetry I,Part-time,Adventist Health,"Saint Helena, CA",90-120,Acute care facility experience: Preferred.,2026-09-11,2026-09-11T18:27:40+00:00,2026-09-20T08:50:36+00:00,,https://ecvz.fa.us2.oraclecloud.com/hcmUI/CandidateExperience/en/sites/CX_1/job/69021
County of San Mateo::3398393,unapplied,,,Requirements unclear,Ambulatory Care Nurse (Bilingual Spanish/English Preferred) - Open & Promotional,San Mateo Medical Center · $59.49–$70.31/hr,County of San Mateo,San Mateo,30-60,"one year of health care work experience preferred, ideally as a Registered Nurse (RN)",2022-02-28,2026-09-11T18:27:40+00:00,2026-09-20T08:50:36+00:00,,https://www.governmentjobs.com/careers/sanmateo/jobs/3398393/ambulatory-care-nurse-bilingual-spanish-english-preferred-open-promotional
County of San Mateo::4226169,unapplied,,,Requirements unclear,Medical Surgical Nurse (Open & Promotional),San Mateo Medical Center · $66.49–$78.58/hr,County of San Mateo,San Mateo,30-60,1 year is also preferred,2023-10-02,2026-09-11T18:27:40+00:00,2026-09-20T08:50:36+00:00,,https://www.governmentjobs.com/careers/sanmateo/jobs/4226169/medical-surgical-nurse-open-promotional
CommonSpirit / Dignity Health::96039636192,closed,,,Requirements unclear,EP Lab RN,Electrophysiology Laboratory · Full-time,CommonSpirit / Dignity Health,"Sacramento, CA",60-90,One (1) year RN in an Electrophysiology or Cardiac Catheterization lab,2026-9-11,2026-09-11T18:27:40+00:00,2026-09-15T19:04:43+00:00,,https://www.commonspirit.careers/job/sacramento/ep-lab-rn/35300/96039636192
County of San Mateo::4456634,unapplied,,,"Experience required, not acute",Critical Care Nurse - Intensive Care Unit (Open & Promotional),San Mateo Medical Center,County of San Mateo,San Mateo,30-60,A resume will not be accepted as a substitute for the required employment application and supplemental questionnaire.,2024-04-04,2026-09-11T18:27:40+00:00,2026-09-20T08:50:36+00:00,,https://www.governmentjobs.com/careers/sanmateo/jobs/4456634/critical-care-nurse-intensive-care-unit-open-promotional
CommonSpirit / Dignity Health::100491631920,closed,,,"Experience required, not acute",Wound Care Nurse,Skilled Nursing Care · Part-time,CommonSpirit / Dignity Health,"Sacramento, CA",60-90,"Job Requirements Required: One (1) year of SNF/LTC experience in care of the aged, acutely ill, chronically ill, and patients in need of restorative care.",2026-9-11,2026-09-11T18:27:40+00:00,2026-09-18T08:34:30+00:00,,https://www.commonspirit.careers/job/sacramento/wound-care-nurse/35300/100491631920
Providence::453529,unapplied,,,"Experience required, not acute",RN First Assistant - Per Diem Day,Per diem,Providence,"Napa, CA",60-90,2 years of RNFA experience.,2026-09-11,2026-09-11T18:27:40+00:00,2026-09-20T08:50:36+00:00,,https://evac.fa.us2.oraclecloud.com/hcmUI/CandidateExperience/en/sites/CX_1/job/453529
County of Monterey::5318045,unapplied,,,"Experience required, not acute",Senior Clinic Nurse,Health,County of Monterey,Salinas,90-120,"Five years of experience as a registered nurse in a clinic setting, including experience and/or training in lead work or supervision.",2026-05-04,2026-09-11T18:27:40+00:00,2026-09-20T08:50:36+00:00,,https://www.governmentjobs.com/careers/montereycounty/jobs/5318045/senior-clinic-nurse
County of Monterey::4612576,unapplied,,,"Experience required, not acute",SUPERVISING PUBLIC HEALTH NURSE,Health · Full-time,County of Monterey,Salinas,90-120,"Two years of progressively responsible professional public health program experience which include lead-worker level responsibilities, and which provide a broad knowledge of public health programs.",2024-08-15,2026-09-11T18:27:40+00:00,2026-09-20T08:50:36+00:00,,https://www.governmentjobs.com/careers/montereycounty/jobs/4612576/supervising-public-health-nurse
PACS Group::JR181686,unapplied,,,"Experience required, not acute",RN - Part Time,Roseville Care Center · Skilled nursing · Part-time,PACS Group,Roseville,90-120,"License & Certifications Current, active, and unencumbered California RN license required.",2026-09-11,2026-09-11T18:27:40+00:00,2026-09-20T08:50:36+00:00,,https://pacs.wd108.myworkdayjobs.com/pacs/job/Roseville-Care-Center/RN---Part-Time_JR181686
Providence::444698,unapplied,,,"Experience required, not acute",RN - Outpatient Surgery (Pre/Post Op)- Part Time Day,Part-time · Day,Providence,"Santa Rosa, CA",90-120,1 year Nursing experience.,2026-09-11,2026-09-11T18:27:40+00:00,2026-09-20T08:50:36+00:00,,https://evac.fa.us2.oraclecloud.com/hcmUI/CandidateExperience/en/sites/CX_1/job/444698
UCSF Health::8269,unapplied,,,"Experience required, not acute",Per-Diem Nurse- OHNS,Per diem,UCSF Health,"Berkeley, CA",<30,Minimum two years of recent Registered Nurse clinical experience in an Ambulatory Clinic Setting.,2026-09-11,2026-09-11T18:27:40+00:00,2026-09-20T08:50:36+00:00,,https://iazuqy.fa.ocs.oraclecloud.com/hcmUI/CandidateExperience/en/sites/CX_1/job/8269
UCSF Health::8913,closed,,,"Experience required, not acute",Registered Nurse PD - PACU (BCH-Walnut Creek),,UCSF Health,"Walnut Creek, CA",<30,Required Qualifications: Two (2) years of recent PACU or PICU experience as a registered nurse.,2026-09-11,2026-09-11T18:27:40+00:00,2026-09-18T23:24:59+00:00,,https://iazuqy.fa.ocs.oraclecloud.com/hcmUI/CandidateExperience/en/sites/CX_1/job/8913
PACS Group::JR181766,unapplied,,,Level I / new grad,Registered Nurse (RN),Sunnyvale Gardens Post Acute · Skilled nursing · Full-time · PM / NOC · $50.00–$58.00/hr,PACS Group,Sunnyvale,30-60,"...skilled nursing, post-acute, rehabilitation, or long-term care experience preferred. New graduates are welcome to apply. Strong clinical judgment, communication, and organizational skills. Compas...",2026-09-11,2026-09-11T23:22:49+00:00,2026-09-20T08:50:36+00:00,,https://pacs.wd108.myworkdayjobs.com/pacs/job/Sunnyvale-Gardens-Post-Acute/Registered-Nurse--RN-_JR181766
Sacramento County::980990,unapplied,,,Level I / new grad,Public Health Nurse Level I/II,DHHS - Health & Human Services · On-call / Per diem,Sacramento County,Sacramento,60-90,Public Health Nurse Level I/II,2014-10-21,2026-09-11T23:22:49+00:00,2026-09-20T08:50:36+00:00,,https://www.governmentjobs.com/careers/sacramento/jobs/980990/public-health-nurse-level-i-ii
Sacramento County::454059,unapplied,,,Level I / new grad,Registered Nurse D/CF (Level I/II),County Wide · $64.88–$78.87/hr,Sacramento County,Sacramento,60-90,Registered Nurse D/CF (Level I/II),2012-04-25,2026-09-11T23:22:49+00:00,2026-09-20T08:50:36+00:00,,https://www.governmentjobs.com/careers/sacramento/jobs/454059/registered-nurse-d-cf-level-i-ii
Sacramento County::2579173,unapplied,,,Level I / new grad,Registered Nurse Level I/II,Health Services · On-call · $47.87–$58.18/hr,Sacramento County,Sacramento,60-90,Registered Nurse Level I/II,2022-11-15,2026-09-11T23:22:49+00:00,2026-09-20T08:50:36+00:00,,https://www.governmentjobs.com/careers/sacramento/jobs/2579173/registered-nurse-level-i-ii
Sacramento County::981663,unapplied,,,Requirements unclear,Psychiatric Nurse,DHHS - Health & Human Services · On-call / Per diem · $1.00/hr,Sacramento County,Sacramento,60-90,six (6) months,2026-01-20,2026-09-11T23:22:49+00:00,2026-09-20T08:50:36+00:00,,https://www.governmentjobs.com/careers/sacramento/jobs/981663/psychiatric-nurse
Sacramento County::3737132,unapplied,,,Requirements unclear,Senior Public Health Nurse,County Wide,Sacramento County,Sacramento,60-90,One year of experience as a Public Health Nurse in Sacramento County service,2022-09-27,2026-09-11T23:22:49+00:00,2026-09-20T08:50:36+00:00,,https://www.governmentjobs.com/careers/sacramento/jobs/3737132/senior-public-health-nurse
Sacramento County::600083,unapplied,,,Requirements unclear,Supervising Public Health Nurse,DHHS - Health & Human Services,Sacramento County,Sacramento,60-90,One year of experience as a Senior Public Health Nurse in Sacramento County service,2013-03-21,2026-09-11T23:22:49+00:00,2026-09-20T08:50:36+00:00,,https://www.governmentjobs.com/careers/sacramento/jobs/600083/supervising-public-health-nurse
Sacramento County::448883,unapplied,,,"Experience required, not acute",Supervising Registered Nurse D/CF,DHHS - Health & Human Services,Sacramento County,Sacramento,60-90,And Either : One (1) year of experience in Sacramento County service as a Registered Nurse or any class requiring registered nurse license.,2012-05-02,2026-09-11T23:22:49+00:00,2026-09-20T08:50:36+00:00,,https://www.governmentjobs.com/careers/sacramento/jobs/448883/supervising-registered-nurse-d-cf
Sutter Health::R-138286,closed,,,"Experience required, not acute","Registered Nurse, Emergency",Full-time · Varied · $76.40–$101.18/hr,Sutter Health,Davis,60-90,2 years of recent relevant experience.,2026-09-11,2026-09-11T23:22:49+00:00,2026-09-11T23:22:49+00:00,,https://wd1.myworkdaysite.com/recruiting/sutterhealth/SH/job/Davis/Registered-Nurse--Emergency_R-138286-1
UCSF Health::8905,closed,,,"Experience required, not acute",Registered Nurse-Dermatology,,UCSF Health,"Berkeley, CA",<30,Required Qualifications: Minimum 2 years of recent Registered Nurse clinical experience in an Ambulatory Clinic Setting.,2026-09-11,2026-09-11T23:22:49+00:00,2026-09-17T23:44:10+00:00,,https://iazuqy.fa.ocs.oraclecloud.com/hcmUI/CandidateExperience/en/sites/CX_1/job/8905
PACS Group::JR181920,unapplied,,,No experience required,Admission Nurse – RN,City View Post Acute · Skilled nursing · Full-time · $50–$60.00/hr,PACS Group,San Francisco,<30,Previous skilled nursing or post-acute care experience preferred.,2026-09-11,2026-09-12T08:13:33+00:00,2026-09-20T08:50:36+00:00,,https://pacs.wd108.myworkdayjobs.com/pacs/job/City-View-Post-Acute/Admission-Nurse---RN_JR181920
PACS Group::JR181918,unapplied,,,No experience required,Registered Nurse (RN),City View Post Acute · Skilled nursing · Full-time · $49.00–$51.00/hr,PACS Group,San Francisco,<30,"Previous post-acute, skilled nursing, or long-term care experience is preferred but not required.",2026-09-11,2026-09-12T08:13:33+00:00,2026-09-20T08:50:36+00:00,,https://pacs.wd108.myworkdayjobs.com/pacs/job/City-View-Post-Acute/Registered-Nurse--RN-_JR181918
CommonSpirit / Dignity Health::99810932048,closed,,,Requirements unclear,Experienced RN Emergency Department,Full-time,CommonSpirit / Dignity Health,"Lincoln, Nebraska",90-120,2 years of experience,2026-8-27,2026-09-14T09:09:36+00:00,2026-09-14T09:09:36+00:00,,https://www.commonspirit.careers/job/lincoln/experienced-rn-emergency-department/35300/99810932048
Sutter Health::R-137979,closed,,,Level I / new grad,"Registered Nurse I, Orthopedic Surgery",Full-time · Days · $82.16–$82.16/hr,Sutter Health,Mountain View (+2 more),30-60,"Registered Nurse I, Orthopedic Surgery",2026-09-14,2026-09-14T20:09:27+00:00,2026-09-14T20:09:27+00:00,,https://wd1.myworkdaysite.com/recruiting/sutterhealth/SH/job/Mountain-View/Registered-Nurse-I--Orthopedic-Surgery_R-137979-1
Adventist Health::72340,closed,,,No experience required,"RN - Wound Care, Full-time, Dayshift",Full-time · Day,Adventist Health,"Lodi, CA",60-90,Hospital or physician's office experience: Preferred.,2026-09-14,2026-09-14T20:09:27+00:00,2026-09-18T18:24:19+00:00,,https://ecvz.fa.us2.oraclecloud.com/hcmUI/CandidateExperience/en/sites/CX_1/job/72340
Adventist Health::72339,closed,,,No experience required,"RN - Med/Surg Acute, Full-time, Day shift",Full-time · Day,Adventist Health,"Lodi, CA",60-90,Acute care facility experience: Preferred.,2026-09-14,2026-09-14T20:09:27+00:00,2026-09-18T08:34:30+00:00,,https://ecvz.fa.us2.oraclecloud.com/hcmUI/CandidateExperience/en/sites/CX_1/job/72339
Adventist Health::72149,unapplied,,,No experience required,"RN - Labor and Delivery, Full-time, Night shift",Full-time · Night,Adventist Health,"Lodi, CA",60-90,Acute care facility experience: Preferred.,2026-09-14,2026-09-14T20:09:27+00:00,2026-09-20T08:50:36+00:00,,https://ecvz.fa.us2.oraclecloud.com/hcmUI/CandidateExperience/en/sites/CX_1/job/72149
Adventist Health::72280,unapplied,,,No experience required,"RN - Emergency Department, Full-time, Night Shift",Full-time · Night,Adventist Health,"Lodi, CA",60-90,Acute care facility experience: Preferred.,2026-09-14,2026-09-14T20:09:27+00:00,2026-09-20T08:50:36+00:00,,https://ecvz.fa.us2.oraclecloud.com/hcmUI/CandidateExperience/en/sites/CX_1/job/72280
Sutter Health::R-138799,unapplied,,,"Experience required, not acute","RN, Senior Care Staff Nurse",Full-time · Day / Evening · $68.62–$96.06/hr,Sutter Health,Sacramento,60-90,2 years recent relevant experience,2026-09-14,2026-09-14T20:09:27+00:00,2026-09-20T08:50:36+00:00,,https://wd1.myworkdaysite.com/recruiting/sutterhealth/SH/job/Sacramento/RN--Senior-Care-Staff-Nurse_R-138799
City of Berkeley::5431012,unapplied,,,"Experience required, not acute",Supervising Public Health Nurse,HHCS Health,City of Berkeley,Berkeley,<30,"and required documents (qualifying experience will be calculated based on the application period close date) Tests may consist of any combination of written, oral or other exercises or assessment proc",2026-09-14,2026-09-14T20:09:27+00:00,2026-09-20T08:50:36+00:00,,https://www.governmentjobs.com/careers/berkeley/jobs/5431012/supervising-public-health-nurse
Adventist Health::71274,unapplied,,,No experience required,"RN Emergency Department - Full-time, Night shift",Full-time · Night,Adventist Health,"Lodi, CA",60-90,Acute care facility experience: Preferred.,2026-09-14,2026-09-15T00:01:02+00:00,2026-09-20T08:50:36+00:00,,https://ecvz.fa.us2.oraclecloud.com/hcmUI/CandidateExperience/en/sites/CX_1/job/71274
CommonSpirit / Dignity Health::100641843360,unapplied,,,"Experience required, not acute",Cardiac Rehabilitation RN,Cardiac Rehabilitation · Per diem,CommonSpirit / Dignity Health,"Sacramento, CA",60-90,One (1) year Experience in Cardiac Rehab or related field.,2026-9-14,2026-09-15T00:01:02+00:00,2026-09-20T08:50:36+00:00,,https://www.commonspirit.careers/job/sacramento/cardiac-rehabilitation-rn/35300/100641843360
Providence::457175,closed,,,"Experience required, not acute",RN - Emergency - Part Time Night,Part-time · Night,Providence,"Santa Rosa, CA",90-120,1 year of Nursing experience.,2026-09-15,2026-09-15T08:55:35+00:00,2026-09-17T19:14:08+00:00,,https://evac.fa.us2.oraclecloud.com/hcmUI/CandidateExperience/en/sites/CX_1/job/457175
PACS Group::JR182291,unapplied,,,Level I / new grad,Registered Nurse,Skilled nursing · Part-time · NOC · $49.00–$50.00/hr,PACS Group,San Francisco Post Acute,<30,"...ed. Qualifications Active and unrestricted California Registered Nurse (RN) license. New graduate RNs are welcome and encouraged to apply. Strong communication, organizational, and c...",2026-09-15,2026-09-15T19:04:43+00:00,2026-09-20T08:50:36+00:00,,https://pacs.wd108.myworkdayjobs.com/pacs/job/San-Francisco-Post-Acute/Registered-Nurse_JR182291
Adventist Health::69854,unapplied,,,No experience required,"RN - Emergency Department, Full-time, Dayshift",Full-time · Day,Adventist Health,"Lodi, CA",60-90,Acute care facility experience: Preferred.,2026-09-15,2026-09-15T23:42:54+00:00,2026-09-20T08:50:36+00:00,,https://ecvz.fa.us2.oraclecloud.com/hcmUI/CandidateExperience/en/sites/CX_1/job/69854
Sutter Health::R-140279,unapplied,,,Requirements unclear,"Patient Placement Nurse, Capacity Management",Part-time · Nights · $90.93–$127.30/hr,Sutter Health,Sacramento,60-90,"2 years recent relevant experience Critical Care, Charge, House Supervisor and/or Patie",2026-09-15,2026-09-15T23:42:54+00:00,2026-09-20T08:50:36+00:00,,https://wd1.myworkdaysite.com/recruiting/sutterhealth/SH/job/Sacramento/Patient-Placement-Nurse--Capacity-Management_R-140279
Sutter Health::R-140270,unapplied,,,Requirements unclear,"Patient Placement Nurse, Capacity Management",Part-time · Day / Evening · $90.93–$127.30/hr,Sutter Health,Sacramento,60-90,"2 years recent relevant experience Critical Care, Charge, House Supervisor and/or Patie",2026-09-15,2026-09-15T23:42:54+00:00,2026-09-20T08:50:36+00:00,,https://wd1.myworkdaysite.com/recruiting/sutterhealth/SH/job/Sacramento/Patient-Placement-Nurse--Capacity-Management_R-140270
Tenet Health::2603017873,unapplied,,,"Experience required, not acute",Registered Nurse (RN) - POCU,Full-time,Tenet Health,"Modesto, CA",60-90,Minimum Experience/Skills: Prefer two years Pre-op/Post-op experience.,2026-09-15,2026-09-15T23:42:54+00:00,2026-09-20T08:50:36+00:00,,https://eodr.fa.us2.oraclecloud.com/hcmUI/CandidateExperience/en/sites/CX_1/job/2603017873
Tenet Health::2603021347,closed,,,"Experience required, not acute",Registered Nurse (RN) - Telemetry,Full-time · Nights,Tenet Health,"Manteca, CA",60-90,1 YEAR (Clinical I).,2026-09-15,2026-09-15T23:42:54+00:00,2026-09-17T08:54:48+00:00,,https://eodr.fa.us2.oraclecloud.com/hcmUI/CandidateExperience/en/sites/CX_1/job/2603021347
Providence::456917,unapplied,,,"Experience required, not acute",RN - Labor & Delivery - Full Time Night,Full-time · Night,Providence,"Santa Rosa, CA",90-120,Provider NRP - American Academy of Pediatrics upon hire: 1 year of Nursing experience.,2026-09-15,2026-09-15T23:42:54+00:00,2026-09-20T08:50:36+00:00,,https://evac.fa.us2.oraclecloud.com/hcmUI/CandidateExperience/en/sites/CX_1/job/456917
Sutter Health::R-140798,unapplied,,,"Experience required, not acute","RN, Senior Care Staff Nurse, Medication Nurse",Full-time · Days · $66.70–$93.38/hr,Sutter Health,Sacramento,60-90,2 years of recent relevant experience.,2026-09-15,2026-09-16T08:51:18+00:00,2026-09-20T08:50:36+00:00,,https://wd1.myworkdaysite.com/recruiting/sutterhealth/SH/job/Sacramento/RN--Senior-Care-Staff-Nurse--Medication-Nurse_R-140798
Providence::457254,closed,,,"Experience required, not acute",RN - ICU - Full Time Evening,Full-time,Providence,"Santa Rosa, CA",90-120,1 year Nursing experience.,2026-09-15,2026-09-16T08:51:18+00:00,2026-09-17T08:54:48+00:00,,https://evac.fa.us2.oraclecloud.com/hcmUI/CandidateExperience/en/sites/CX_1/job/457254
Adventist Health::L50048-2,unapplied,,,No experience required,"RN, Tele/HVU, Full Time, Day Shift",Full-time · Day,Adventist Health,"Saint Helena, CA",90-120,Acute care facility experience: Preferred.,2026-09-16,2026-09-16T19:02:34+00:00,2026-09-20T08:50:36+00:00,,https://ecvz.fa.us2.oraclecloud.com/hcmUI/CandidateExperience/en/sites/CX_1/job/L50048-2
Tenet Health::2603012437,unapplied,,,"Experience required, not acute",Registered Nurse (RN) -Wound,Part-time,Tenet Health,"San Ramon, CA",30-60,"Minimum Experience/Skills: Minimum of one (1) years experience in an acute clinical nursing department, ideally a medical surgical or specialty area.",2026-09-16,2026-09-16T19:02:34+00:00,2026-09-20T08:50:36+00:00,,https://eodr.fa.us2.oraclecloud.com/hcmUI/CandidateExperience/en/sites/CX_1/job/2603012437
PACS Group::JR182521,unapplied,,,No experience required,RN Part Time,Skilled nursing · Part-time / Per diem / On-call · Weekends · $49.00–$54.00/hr,PACS Group,Salinas Valley Post Acute,90-120,"Previous experience in post-acute, skilled nursing, or long-term care preferred but not required.",2026-09-16,2026-09-16T23:50:46+00:00,2026-09-20T08:50:36+00:00,,https://pacs.wd108.myworkdayjobs.com/pacs/job/Salinas-Valley-Post-Acute/RN-Part-Time_JR182521
Tenet Health::2603022059,unapplied,,,Requirements unclear,Registered Nurse (RN) - PCU,Full-time · Nights,Tenet Health,"Turlock, CA",90-120,"Up to $10,000 Sign-On bonus for experienced Registered Nurse / RN. Job Type: Full Time. Job Shift: Nights. Holiday Rotation: Department: PCU. The RN is responsible for th",2026-09-16,2026-09-16T23:50:46+00:00,2026-09-20T08:50:36+00:00,,https://eodr.fa.us2.oraclecloud.com/hcmUI/CandidateExperience/en/sites/CX_1/job/2603022059
Tenet Health::2603018695,unapplied,,,"Experience required, not acute",Registered Nurse (RN) - L&D,Full-time · Days,Tenet Health,"Turlock, CA",90-120,Minimum of one year of L&D experience required.,2026-09-16,2026-09-16T23:50:46+00:00,2026-09-20T08:50:36+00:00,,https://eodr.fa.us2.oraclecloud.com/hcmUI/CandidateExperience/en/sites/CX_1/job/2603018695
Providence::459067,unapplied,,,"Experience required, not acute",RN - NICU - Full Time Evening,Full-time · Evening,Providence,"Santa Rosa, CA",90-120,1 year Nursing experience.,2026-09-16,2026-09-17T08:54:48+00:00,2026-09-20T08:50:36+00:00,,https://evac.fa.us2.oraclecloud.com/hcmUI/CandidateExperience/en/sites/CX_1/job/459067
Sutter Health::R-141036,closed,,,Level I / new grad,"Registered Nurse II, Surgical Acute",Part-time · Nights · $76.04–$101.21/hr,Sutter Health,Auburn,90-120,...ills. **One year acute care experience in medical telemetry preferred. Will consider new graduate RN.** Job Description : EDUCATION: Other: Graduate of an accredited school of nursin...,2026-09-17,2026-09-17T19:14:08+00:00,2026-09-19T23:00:40+00:00,,https://wd1.myworkdaysite.com/recruiting/sutterhealth/SH/job/Auburn/Registered-Nurse-II--Surgical-Acute_R-141036
Sutter Health::R-141033,closed,,,Level I / new grad,"Registered Nurse II, Surgical Acute",Part-time · Evenings · $76.04–$101.21/hr,Sutter Health,Auburn,90-120,...ills. **One year acute care experience in medical telemetry preferred. Will consider new graduate RN.** Job Description : EDUCATION: Other: Graduate of an accredited school of nursin...,2026-09-17,2026-09-17T19:14:08+00:00,2026-09-19T23:00:40+00:00,,https://wd1.myworkdaysite.com/recruiting/sutterhealth/SH/job/Auburn/Registered-Nurse-II--Surgical-Acute_R-141033
Sutter Health::R-141017,closed,,,Level I / new grad,"Registered Nurse II, Surgical Acute",Part-time · Days · $76.04–$101.21/hr,Sutter Health,Auburn,90-120,...ills. **One year acute care experience in medical telemetry preferred. Will consider new graduate RN.** Job Description : EDUCATION: Other: Graduate of an accredited school of nursin...,2026-09-17,2026-09-17T19:14:08+00:00,2026-09-19T23:00:40+00:00,,https://wd1.myworkdaysite.com/recruiting/sutterhealth/SH/job/Auburn/Registered-Nurse-II--Surgical-Acute_R-141017-1
Sutter Health::R-141279,unapplied,,,"Experience required, not acute","Registered Nurse, CVSICU",Full-time · Nights · $82.48–$115.46/hr,Sutter Health,Sacramento,60-90,2 years of recent relevant experience.,2026-09-17,2026-09-17T19:14:08+00:00,2026-09-20T08:50:36+00:00,,https://wd1.myworkdaysite.com/recruiting/sutterhealth/SH/job/Sacramento/Registered-Nurse--CVSICU_R-141279
UCSF Health::8914,unapplied,,,"Experience required, not acute",Registered Nurse- Neurology Clinic,Full-time,UCSF Health,"San Francisco, CA",<30,Required qualifications: Two (2) or more years of recent Ambulatory RN experience back-office setting.,2026-09-17,2026-09-17T19:14:08+00:00,2026-09-20T08:50:36+00:00,,https://iazuqy.fa.ocs.oraclecloud.com/hcmUI/CandidateExperience/en/sites/CX_1/job/8914
UCSF Health::9184,unapplied,,,"Experience required, not acute",Registered Nurse - Pediatric Otolaryngology,,UCSF Health,"San Francisco, CA",<30,Required Qualifications: Minimum two (2) years of recent Registered Nurse clinical experience.,2026-09-17,2026-09-17T19:14:08+00:00,2026-09-20T08:50:36+00:00,,https://iazuqy.fa.ocs.oraclecloud.com/hcmUI/CandidateExperience/en/sites/CX_1/job/9184
UCSF Health::9247,unapplied,,,"Experience required, not acute",Registered Nurse - Peds CTCU,,UCSF Health,"San Francisco, CA",<30,Required Qualifications: A minimum of two (2) years of recent RN experience in a Pediatric Transitional Care Unit.,2026-09-17,2026-09-17T19:14:08+00:00,2026-09-20T08:50:36+00:00,,https://iazuqy.fa.ocs.oraclecloud.com/hcmUI/CandidateExperience/en/sites/CX_1/job/9247
Sutter Health::R-140909,unapplied,,,"Experience required, not acute","RN, Senior Care Staff Nurse, Wound Care",Full-time · Days · $66.70–$93.38/hr,Sutter Health,Sacramento,60-90,2 years of recent relevant experience.,2026-09-17,2026-09-17T23:44:10+00:00,2026-09-20T08:50:36+00:00,,https://wd1.myworkdaysite.com/recruiting/sutterhealth/SH/job/Sacramento/RN--Senior-Care-Staff-Nurse--Wound-Care_R-140909
CommonSpirit / Dignity Health::100812813520,unapplied,,,Level I / new grad,RN,Labor And Delivery Services · Full-time,CommonSpirit / Dignity Health,"Merced, CA",90-120,...and delivery experience will have six (6) months from hire to obtain certification. New Grad or RN with no prior L&D experience will have twenty-four (24) months to complete ori...,2026-9-18,2026-09-18T18:24:19+00:00,2026-09-20T08:50:36+00:00,,https://www.commonspirit.careers/job/merced/rn/35300/100812813520
Sutter Health::R-141129,unapplied,,,Level I / new grad,Infusion RN I,Full-time · Varied · $82.16–$82.16/hr,Sutter Health,Berkeley,<30,Infusion RN I,2026-09-18,2026-09-18T18:24:19+00:00,2026-09-20T08:50:36+00:00,,https://wd1.myworkdaysite.com/recruiting/sutterhealth/SH/job/Berkeley/Infusion-RN-I_R-141129
PACS Group::JR182728,unapplied,,,No experience required,RN PRN,Cypress Ridge Care Center · Skilled nursing · Per diem · $53.00–$55.00/hr,PACS Group,Monterey,90-120,"Experience in skilled nursing, rehabilitation, or long-term care preferred.",2026-09-18,2026-09-18T18:24:19+00:00,2026-09-20T08:50:36+00:00,,https://pacs.wd108.myworkdayjobs.com/pacs/job/Cypress-Ridge-Care-Center/RN-PRN_JR182728
Tenet Health::2603023000,unapplied,,,"Experience required, not acute",Registered Nurse (RN) - Employee Health,Full-time · Days,Tenet Health,"San Ramon, CA",30-60,Minimum Experience/Skills: Minimum five (5) years recent RN experience.,2026-09-18,2026-09-18T18:24:19+00:00,2026-09-20T08:50:36+00:00,,https://eodr.fa.us2.oraclecloud.com/hcmUI/CandidateExperience/en/sites/CX_1/job/2603023000
Providence::455465,unapplied,,,"Experience required, not acute",RN - Emergency Services - Full Time Day,Full-time · Day,Providence,"Healdsburg, CA",90-120,1 year of nursing experience.,2026-09-18,2026-09-18T18:24:19+00:00,2026-09-20T08:50:36+00:00,,https://evac.fa.us2.oraclecloud.com/hcmUI/CandidateExperience/en/sites/CX_1/job/455465
St. Rose Hospital::STROS694973,unapplied,,,"Experience required, not acute",RN - Emergency 338,Acute hospital · Full-time · AM 0900-2100 · $60.64–$90.22/hr,St. Rose Hospital,"Hayward, CA",<30,Stated experience requirement: Minimum 1 Year.,,2026-09-18T18:24:19+00:00,2026-09-20T08:50:36+00:00,,https://app.smarthires.com/showempjob.htm?viewId=kEPmtajoBDg%3D
Alameda Health System::2227359,closed,,,Level I / new grad,AHD Registered Nurse - Park Bridge,$67.65–$88.27/hr,Alameda Health System,"2401 Blanding Avenue, Alameda, CA",<30,...lor's degree preferred. Minimum Experience: One year of directly related experience. New graduates will be considered. Required Licenses/Certifications: Valid license to practice as a...,,2026-09-18T23:24:59+00:00,2026-09-18T23:24:59+00:00,,https://alameda-health-system-careers.hctsportals.com/jobs/2227359-ahd-registered-nurse-park-bridge
Providence::457585,unapplied,,,"Experience required, not acute",Advanced Specialty Staff RN - Chemotherapy,Part-time,Providence,"Santa Rosa, CA",90-120,2 years of RN experience.,2026-09-18,2026-09-18T23:24:59+00:00,2026-09-20T08:50:36+00:00,,https://evac.fa.us2.oraclecloud.com/hcmUI/CandidateExperience/en/sites/CX_1/job/457585
Sutter Health::R-141448,unapplied,,,"Experience required, not acute","Team RN, Hospice",Full-time · Day / Evening / Night · $67.94–$95.12/hr,Sutter Health,Santa Rosa,90-120,2 years recent relevant experience,2026-09-18,2026-09-18T23:24:59+00:00,2026-09-20T08:50:36+00:00,,https://wd1.myworkdaysite.com/recruiting/sutterhealth/SH/job/Santa-Rosa/Team-RN--Hospice_R-141448
City & County of San Francisco::3743990015408446,unapplied,,,"Experience required, not acute",Nurse Midwife (2325) - Department of Public Health - 162331,Public Health · Part-time,City & County of San Francisco,San Francisco,<30,Applicants may be required to submit verification of qualifying education and experience at any point during the recruitment and selection process.,2026-09-18,2026-09-18T23:24:59+00:00,2026-09-20T08:50:36+00:00,,https://jobs.smartrecruiters.com/CityAndCountyOfSanFrancisco1/3743990015408446-nurse-midwife-2325-department-of-public-health-162331
City & County of San Francisco::3743990015407245,unapplied,,,"Experience required, not acute",Registered Nurse [Training Program] (2320) – Citywide – (H00206),Public Health · Full-time,City & County of San Francisco,San Francisco,<30,Applicants may be required to submit verification of qualifying education and experience at any point during the recruitment and selection process.,2026-09-18,2026-09-18T23:24:59+00:00,2026-09-20T08:50:36+00:00,,https://jobs.smartrecruiters.com/CityAndCountyOfSanFrancisco1/3743990015407245-registered-nurse-training-program-2320-citywide-h00206-
UCSF Health::8940,unapplied,,,"Experience required, not acute","Registered Nurse - OR (MB, FT, 12 hr, day shift)",Full-time · Day,UCSF Health,"San Francisco, CA",<30,2-3 years recent Adult Operating Room (OR) RN clinical experience.,2026-09-18,2026-09-18T23:24:59+00:00,2026-09-20T08:50:36+00:00,,https://iazuqy.fa.ocs.oraclecloud.com/hcmUI/CandidateExperience/en/sites/CX_1/job/8940
UCSF Health::9203,unapplied,,,"Experience required, not acute","Registered Nurse - Infusion (PT, Day shift)",Day,UCSF Health,"San Francisco, CA",<30,2 years adult outpatient infusion and 6 months Peds Hematology/Oncology experience.,2026-09-19,2026-09-19T08:14:52+00:00,2026-09-20T08:50:36+00:00,,https://iazuqy.fa.ocs.oraclecloud.com/hcmUI/CandidateExperience/en/sites/CX_1/job/9203
UCSF Health::9271,unapplied,,,"Experience required, not acute",Registered Nurse - Pediatric Hematology/Oncology,,UCSF Health,"Oakland, CA",<30,"Required Qualifications: Two (2) or more years of recent pediatric nursing experience with at least 1 year in oncology, or 2 years of other directly relevant clinical experience.",2026-09-19,2026-09-19T08:14:52+00:00,2026-09-20T08:50:36+00:00,,https://iazuqy.fa.ocs.oraclecloud.com/hcmUI/CandidateExperience/en/sites/CX_1/job/9271
County of San Mateo::5071603,unapplied,,,Acute care required,Perioperative Relief Nurse (Open),San Mateo Medical Center,County of San Mateo,San Mateo,30-60,The ideal candidate will possess the following: At least two years of experience in the Operating Room or PACU of an acute care hospital.,2025-09-05,2026-09-20T08:50:36+00:00,2026-09-20T08:50:36+00:00,,https://www.governmentjobs.com/careers/sanmateo/jobs/5071603/perioperative-relief-nurse-open
El Camino Health::R00017733,unapplied,,,Acute care required,Clinical Nurse II - 0.9 - Nights - Emergency @ MV,Part-time · Nights · $93.87–$122.62/hr,El Camino Health,"Mountain View, CA",30-60,Experience Emergency Department Must have recent clinical nursing experience in area of specialty.,2026-09-16,2026-09-20T08:50:36+00:00,2026-09-20T08:50:36+00:00,,https://ech.wd5.myworkdayjobs.com/ech/job/Mountain-View-CA/Clinical-Nurse-II---09---Nights---Emergency---MV_R00017733
El Camino Health::R00017732,unapplied,,,Acute care required,Clinical Nurse II - 0.9 - Nights - Emergency @ MV,Part-time · Nights · $93.87–$122.62/hr,El Camino Health,"Mountain View, CA",30-60,Experience Emergency Department Must have recent clinical nursing experience in area of specialty.,2026-09-16,2026-09-20T08:50:36+00:00,2026-09-20T08:50:36+00:00,,https://ech.wd5.myworkdayjobs.com/ech/job/Mountain-View-CA/Clinical-Nurse-II---09---Nights---Emergency---MV_R00017732
John Muir Health::JR0017787,unapplied,,,Acute care required,RN - CMC Emergency Services - Full Time - 12 Hour - Nights,Full-time · Nights · $85.34–$116.28/hr,John Muir Health,Concord,30-60,Education: Graduate of an Accredited School of Nursing - Required Experience: 1 year - Nursing - Acute Care - Required 2000 hours Nursing - Emergency - Must be Obtained within last 3 years - Core Requ,2026-09-09,2026-09-20T08:50:36+00:00,2026-09-20T08:50:36+00:00,,https://jmh.wd5.myworkdayjobs.com/JohnMuirHealthCareers/job/Concord/RN---CMC-Emergency-Services---Full-Time---12-Hour---Nights_JR0017787
MarinHealth::15168 - AUTBD,unapplied,,,Acute care required,"Utilization Review RN II, Care Coordination, Per Diem, Days",Per diem · Days · $66.03–$99.04/hr,MarinHealth,"Greenbrae, CA",30-60,Three (3) or more years of experience in an acute patient care setting preferably in medical/surgical or critical care.,2026-09-09,2026-09-20T08:50:36+00:00,2026-09-20T08:50:36+00:00,,https://mymarinhealth.wd5.myworkdayjobs.com/MHCareers/job/Greenbrae-CA/Utilization-Review-RN-II--Care-Coordination--Per-Diem--Days_JR102280
MarinHealth::MHMN20 - 1700,unapplied,,,Acute care required,"Nurse (RN), Cardiology, (Larkspur/Novato), Per Diem, Days",Per diem · Days · $62.78–$78.47/hr,MarinHealth,"Larkspur, CA (+1 more)",30-60,Minimum of two-year cardiovascular clinic experience and/or hospital nursing experience.,2026-08-07,2026-09-20T08:50:36+00:00,2026-09-20T08:50:36+00:00,,https://mymarinhealth.wd5.myworkdayjobs.com/MHCareers/job/Larkspur-CA/Nurse--RN---Cardiology---Larkspur-Novato---Per-Diem--Days_JR102188
MarinHealth::MHMN20 - 1637,unapplied,,,Acute care required,"Nurse (RN) - Cardiology, Cardiovascular Medicine, (Larkspur), Full-Time, Days",Full-time · Days · $62.78–$78.47/hr,MarinHealth,"Larkspur, CA",30-60,Minimum of two-year cardiovascular clinic experience and/or hospital nursing experience.,2026-05-21,2026-09-20T08:50:36+00:00,2026-09-20T08:50:36+00:00,,https://mymarinhealth.wd5.myworkdayjobs.com/MHCareers/job/Larkspur-CA/Nurse--RN----Cardiology--Cardiovascular-Medicine---Larkspur---Full-Time--Days_JR101977
NorthBay Health::5565,unapplied,,,Acute care required,"Clinical Nurse II - NBMC Emergency Department (Full Time, Night 7p-7a)",Full-time,NorthBay Health,"Fairfield, CA",30-60,"Experience, Knowledge, and Skills: A minimum of six months acute care RN experience required.",2026-08-06,2026-09-20T08:50:36+00:00,2026-09-20T08:50:36+00:00,,https://erou.fa.us2.oraclecloud.com/hcmUI/CandidateExperience/en/sites/CX_1/job/5565
Sutter Health::R-140130,unapplied,,,Acute care required,"Staff Nurse II, Medical-Surgical Oncology",Full-time · Nights · $83.66–$113.22/hr,Sutter Health,Burlingame,30-60,2 years of acute inpatient medical-surgical experience.,2026-09-17,2026-09-20T08:50:36+00:00,2026-09-20T08:50:36+00:00,,https://wd1.myworkdaysite.com/recruiting/sutterhealth/SH/job/Burlingame/Staff-Nurse-II--Medical-Surgical-Oncology_R-140130-1
Sutter Health::R-140128,unapplied,,,Acute care required,"Staff Nurse II, Medical-Surgical Oncology",Full-time · Nights · $83.66–$113.22/hr,Sutter Health,Burlingame,30-60,2 years of acute inpatient medical-surgical experience.,2026-09-17,2026-09-20T08:50:36+00:00,2026-09-20T08:50:36+00:00,,https://wd1.myworkdaysite.com/recruiting/sutterhealth/SH/job/Burlingame/Staff-Nurse-II--Medical-Surgical-Oncology_R-140128-1
Sutter Health::R-138644,unapplied,,,Acute care required,"Transfer Nurse, Transfer Center",Part-time · Varied · $86.60–$121.23/hr,Sutter Health,Novato (+1 more),30-60,5 years of recent relevant experience in critical care/Emergency Department;,2026-08-24,2026-09-20T08:50:36+00:00,2026-09-20T08:50:36+00:00,,https://wd1.myworkdaysite.com/recruiting/sutterhealth/SH/job/Sacramento/Transfer-Nurse--Transfer-Center_R-138644
Sutter Health::R-136021,unapplied,,,Acute care required,"Staff Nurse II, Cardiac Rehab Services",Part-time · Day / Evening · $83.66–$113.22/hr,Sutter Health,San Mateo,30-60,2 years of recent relevant Cardiac Rehab Services or Critical Care experience.,2026-07-28,2026-09-20T08:50:36+00:00,2026-09-20T08:50:36+00:00,,https://wd1.myworkdaysite.com/recruiting/sutterhealth/SH/job/San-Mateo/Staff-Nurse-II--Cardiac-Rehab-Services_R-136021-1
Tenet Health::2603013680,unapplied,,,Acute care required,RN Recovery,Part-time,Tenet Health,"San Ramon, CA",30-60,Minimum Experience/Skills: Minimum of three (3) year recent work experience in an acute care setting required;,2026-09-17,2026-09-20T08:50:36+00:00,2026-09-20T08:50:36+00:00,,https://eodr.fa.us2.oraclecloud.com/hcmUI/CandidateExperience/en/sites/CX_1/job/2603013680
CommonSpirit / Dignity Health::100825258320,unapplied,,,Acute care required,Patient Logistics RN,Case Management · Full-time,CommonSpirit / Dignity Health,"Rancho Cordova, CA",60-90,RN with 3 years of clinical experience in hospital setting with at least one year to include emergency and/or critical care setting.,2026-9-18,2026-09-20T08:50:36+00:00,2026-09-20T08:50:36+00:00,,https://www.commonspirit.careers/job/rancho-cordova/patient-logistics-rn/35300/100825258320
CommonSpirit / Dignity Health::97620063776,unapplied,,,Acute care required,Labor and Delivery Nurse,Family Birth Center · Full-time,CommonSpirit / Dignity Health,"Sacramento, CA",60-90,One (1) year of labor and delivery experience as an RN required in an acute care setting.,2026-7-10,2026-09-20T08:50:36+00:00,2026-09-20T08:50:36+00:00,,https://www.commonspirit.careers/job/sacramento/labor-and-delivery-nurse/35300/97620063776
CommonSpirit / Dignity Health::97620063728,unapplied,,,Acute care required,Labor and Delivery Nurse,Family Birth Center · Full-time,CommonSpirit / Dignity Health,"Sacramento, CA",60-90,One (1) year of labor and delivery experience as an RN required in an acute care setting.,2026-7-10,2026-09-20T08:50:36+00:00,2026-09-20T08:50:36+00:00,,https://www.commonspirit.careers/job/sacramento/labor-and-delivery-nurse/35300/97620063728
CommonSpirit / Dignity Health::97620063664,unapplied,,,Acute care required,Labor and Delivery Nurse,Family Birth Center · Full-time,CommonSpirit / Dignity Health,"Sacramento, CA",60-90,One (1) year of labor and delivery experience as an RN required in an acute care setting.,2026-7-10,2026-09-20T08:50:36+00:00,2026-09-20T08:50:36+00:00,,https://www.commonspirit.careers/job/sacramento/labor-and-delivery-nurse/35300/97620063664
CommonSpirit / Dignity Health::97620063616,unapplied,,,Acute care required,Labor and Delivery Nurse,Family Birth Center · Full-time,CommonSpirit / Dignity Health,"Sacramento, CA",60-90,One (1) year of labor and delivery experience as an RN required in an acute care setting.,2026-7-10,2026-09-20T08:50:36+00:00,2026-09-20T08:50:36+00:00,,https://www.commonspirit.careers/job/sacramento/labor-and-delivery-nurse/35300/97620063616
CommonSpirit / Dignity Health::97157503536,unapplied,,,Acute care required,RN Float Pool,Nursing Administration · Part-time,CommonSpirit / Dignity Health,"Santa Cruz, CA",60-90,"Associate Of Nursing and Six months recent hospital experience, upon hire or.",2026-8-20,2026-09-20T08:50:36+00:00,2026-09-20T08:50:36+00:00,,https://www.commonspirit.careers/job/santa-cruz/rn-float-pool/35300/97157503536
CommonSpirit / Dignity Health::97446688608,unapplied,,,Acute care required,Cardiac Surgery RN,CVOR · Full-time,CommonSpirit / Dignity Health,"Stockton, CA",60-90,One (1) year recent acute care experience.,2026-8-11,2026-09-20T08:50:36+00:00,2026-09-20T08:50:36+00:00,,https://www.commonspirit.careers/job/stockton/cardiac-surgery-rn/35300/97446688608
CommonSpirit / Dignity Health::86069977536,unapplied,,,Acute care required,Labor and Delivery Nurse,Family Birth Center · Full-time,CommonSpirit / Dignity Health,"Woodland, CA",60-90,One (1) year of experience in Labor and Delivery within an acute care setting.,2025-9-12,2026-09-20T08:50:36+00:00,2026-09-20T08:50:36+00:00,,https://www.commonspirit.careers/job/woodland/labor-and-delivery-nurse/35300/86069977536
County of Santa Clara::5449959,unapplied,,,Acute care required,Infection Control Nurse,Santa Clara Valley Healthcare (SCVHC),County of Santa Clara,San Jose,60-90,"Experience Note: A qualified applicant would typically have educational preparation at the Bachelor's level (BSN), at least three years of acute care experience, and specialized training and expertise",2026-09-14,2026-09-20T08:50:36+00:00,2026-09-20T08:50:36+00:00,,https://www.governmentjobs.com/careers/santaclara/jobs/5449959/infection-control-nurse
El Camino Health::R00017741,unapplied,,,Acute care required,Clinical Nurse II - 0.9 - Eves - Emergency Room @ LG,Part-time · $93.87–$122.62/hr,El Camino Health,"Los Gatos, CA",60-90,Experience Emergency Department Must have recent clinical nursing experience in area of specialty.,2026-09-16,2026-09-20T08:50:36+00:00,2026-09-20T08:50:36+00:00,,https://ech.wd5.myworkdayjobs.com/ech/job/Los-Gatos-CA/Clinical-Nurse-II---09---Eves---Emergency-Room---LG_R00017741
NorthBay Health::5341,unapplied,,,Acute care required,"Medical Onc Certified Nurse, VCWC (Part Time, Days)",Part-time · Days,NorthBay Health,"Vacaville, CA",60-90,Minimum of two year’s acute care experience with oncology emphasis required,2026-07-02,2026-09-20T08:50:36+00:00,2026-09-20T08:50:36+00:00,,https://erou.fa.us2.oraclecloud.com/hcmUI/CandidateExperience/en/sites/CX_1/job/5341
NorthBay Health::5672,unapplied,,,Acute care required,"Clinical Nurse II - VCVH Wound Care (Per Diem, Day)",Per diem,NorthBay Health,"Vacaville, CA",60-90,"Experience, Knowledge, and Skills: A minimum of six months acute care (hospital) RN experience required.",2026-08-31,2026-09-20T08:50:36+00:00,2026-09-20T08:50:36+00:00,,https://erou.fa.us2.oraclecloud.com/hcmUI/CandidateExperience/en/sites/CX_1/job/5672
Providence::456539,unapplied,,,Acute care required,Associate RN Employee (Caregiver) Health - On Site,Full-time,Providence,"Napa, CA",60-90,1 year experience as an RN in an acute hospital setting or similar nursing experience.,2026-09-18,2026-09-20T08:50:36+00:00,2026-09-20T08:50:36+00:00,,https://evac.fa.us2.oraclecloud.com/hcmUI/CandidateExperience/en/sites/CX_1/job/456539
Sutter Health::R-141375,unapplied,,,Acute care required,Telemedicine Nurse,Part-time · Nights · $82.48–$115.46/hr,Sutter Health,Sacramento,60-90,5 years of recent ICU experience,2026-09-18,2026-09-20T08:50:36+00:00,2026-09-20T08:50:36+00:00,,https://wd1.myworkdaysite.com/recruiting/sutterhealth/SH/job/Sacramento/Telemedicine-Nurse_R-141375-1
Sutter Health::R-137201,unapplied,,,Acute care required,"Registered Nurse, Neuro",Full-time · Nights · $82.48–$115.46/hr,Sutter Health,Sacramento,60-90,"Hiring manager is responsible for submitting certification additions and renewals for inclusion in Workday PALS-Pediatric Advanced Life Support: Department: SMCS, Cath Lab within 6 months Department: ",2026-09-18,2026-09-20T08:50:36+00:00,2026-09-20T08:50:36+00:00,,https://wd1.myworkdaysite.com/recruiting/sutterhealth/SH/job/Sacramento/Registered-Nurse--Neuro_R-137201-1
Sutter Health::R-140008,unapplied,,,Acute care required,"Registered Nurse II, Surgical Services Float Pool",Full-time · Varied · $74.98–$104.96/hr,Sutter Health,Modesto,60-90,2 years in critical care,2026-09-17,2026-09-20T08:50:36+00:00,2026-09-20T08:50:36+00:00,,https://wd1.myworkdaysite.com/recruiting/sutterhealth/SH/job/Modesto/Registered-Nurse-II--Surgical-Services-Float-Pool_R-140008
Sutter Health::R-139031,unapplied,,,Acute care required,Telemedicine Nurse,Full-time · Nights · $82.48–$115.46/hr,Sutter Health,Sacramento,60-90,5 years of recent ICU experience,2026-09-13,2026-09-20T08:50:36+00:00,2026-09-20T08:50:36+00:00,,https://wd1.myworkdaysite.com/recruiting/sutterhealth/SH/job/Sacramento/Telemedicine-Nurse_R-139031-1
Sutter Health::R-138568,unapplied,,,Acute care required,"Registered Nurse II, Emergency Department",Full-time · Nights · $74.98–$104.96/hr,Sutter Health,Modesto,60-90,2 year RN experience in an Acute Care Facility,2026-09-03,2026-09-20T08:50:36+00:00,2026-09-20T08:50:36+00:00,,https://wd1.myworkdaysite.com/recruiting/sutterhealth/SH/job/Modesto/Registered-Nurse-II--Emergency-Department_R-138568
Tenet Health::2603022825,unapplied,,,Acute care required,Registered Nurse (RN) - Behavioral Health,Part-time · Days,Tenet Health,"Modesto, CA",60-90,"Minimum Experience/Skills: One or more year’s recent acute hospital experience Minimum of one year acute, inpatient psychiatric or chemical dependency experience.",2026-09-17,2026-09-20T08:50:36+00:00,2026-09-20T08:50:36+00:00,,https://eodr.fa.us2.oraclecloud.com/hcmUI/CandidateExperience/en/sites/CX_1/job/2603022825
Tenet Health::2603015818,unapplied,,,Acute care required,Registered Nurse (RN) - Coronary ICU,Full-time · Nights,Tenet Health,"Modesto, CA",60-90,Minimum 1 + years ICU experience required.,2026-07-31,2026-09-20T08:50:36+00:00,2026-09-20T08:50:36+00:00,,https://eodr.fa.us2.oraclecloud.com/hcmUI/CandidateExperience/en/sites/CX_1/job/2603015818
CommonSpirit / Dignity Health::100711754160,unapplied,,,Acute care required,Nurse Surgery,Surgery · Full-time,CommonSpirit / Dignity Health,"Carmichael, CA",90-120,One (1) year experience as a Registered Nurse in an operating room or cardiac surgery in an acute care setting.,2026-9-16,2026-09-20T08:50:36+00:00,2026-09-20T08:50:36+00:00,,https://www.commonspirit.careers/job/carmichael/nurse-surgery/35300/100711754160
Sutter Health::R-139772,unapplied,,,Acute care required,"Staff Nurse II, Intensive Care Unit",Part-time · Days · $77.29–$102.55/hr,Sutter Health,Santa Rosa,90-120,CERTIFICATION & LICENSURE: RN-Registered Nurse for the state where care is provided BLS-Basic Life Support Healthcare Provider DEPARTMENT REQUIRED CERTIFICATION & LICENSURE: ACLS-Advanced Cardiac Life,2026-09-16,2026-09-20T08:50:36+00:00,2026-09-20T08:50:36+00:00,,https://wd1.myworkdaysite.com/recruiting/sutterhealth/SH/job/Santa-Rosa/Staff-Nurse-II--Intensive-Care-Unit_R-139772-1
Sutter Health::R-140616,unapplied,,,Acute care required,"Registered Nurse, Trauma Neuro ICU",Full-time · Nights · $76.40–$101.18/hr,Sutter Health,Roseville,90-120,Minimum of six (6) months RN ICU experience within the last two (2) years REQUIRED,2026-09-10,2026-09-20T08:50:36+00:00,2026-09-20T08:50:36+00:00,,https://wd1.myworkdaysite.com/recruiting/sutterhealth/SH/job/Roseville/Registered-Nurse--Trauma-Neuro-ICU_R-140616
Alameda Health System::2227365,unapplied,,,Acute care required,Clinical Nurse II,$78.14–$114.54/hr,Alameda Health System,"1411 East 31st Street, Oakland, CA",<30,Six months experience as a Clinical Nurse I with AHS or the equivalent of one year full time recent experience at a comparable level in a minimum 100-bed hospital or in the area of specialty;,,2026-09-20T08:50:36+00:00,2026-09-20T08:50:36+00:00,,https://alameda-health-system-careers.hctsportals.com/jobs/2227365-clinical-nurse-ii
Alameda Health System::2227354,unapplied,,,Acute care required,Clinical Nurse II,Full-time · $78.14–$114.54/hr,Alameda Health System,"1411 East 31st Street, Oakland, CA",<30,Six months experience as a Clinical Nurse I with AHS or the equivalent of one year full time recent experience at a comparable level in a minimum 100-bed hospital or in the area of specialty;,,2026-09-20T08:50:36+00:00,2026-09-20T08:50:36+00:00,,https://alameda-health-system-careers.hctsportals.com/jobs/2227354-clinical-nurse-ii
Alameda Health System::2227285,unapplied,,,Acute care required,Clinical Nurse II,$78.14–$114.54/hr,Alameda Health System,"1411 East 31st Street, Oakland, CA",<30,Six months experience as a Clinical Nurse I with AHS or the equivalent of one year full time recent experience at a comparable level in a minimum 100-bed hospital or in the area of specialty;,,2026-09-20T08:50:36+00:00,2026-09-20T08:50:36+00:00,,https://alameda-health-system-careers.hctsportals.com/jobs/2227285-clinical-nurse-ii
Alameda Health System::2227261,unapplied,,,Acute care required,AHD Staff Nurse II,Part-time · $77.55–$99.46/hr,Alameda Health System,"2070 Clinton Avenue, Alameda, CA",<30,Six months experience as a Registered Nurse I with AHS or the equivalent of one year full time recent experience at a comparable level in a minimum 100-bed hospital,,2026-09-20T08:50:36+00:00,2026-09-20T08:50:36+00:00,,https://alameda-health-system-careers.hctsportals.com/jobs/2227261-ahd-staff-nurse-ii
Alameda Health System::2227127,unapplied,,,Acute care required,Clinical Nurse II,$90.87–$114.54/hr,Alameda Health System,"1411 East 31st Street, Oakland, CA",<30,Six months experience as a Clinical Nurse I with AHS or the equivalent of one year full time recent experience at a comparable level in a minimum 100-bed hospital or in the area of specialty;,,2026-09-20T08:50:36+00:00,2026-09-20T08:50:36+00:00,,https://alameda-health-system-careers.hctsportals.com/jobs/2227127-clinical-nurse-ii
Alameda Health System::2227118,unapplied,,,Acute care required,AHD Staff Nurse II,Part-time · $77.55–$99.46/hr,Alameda Health System,"2070 Clinton Avenue, Alameda, CA",<30,Six months experience as a Registered Nurse I with AHS or the equivalent of one year full time recent experience at a comparable level in a minimum 100-bed hospital,,2026-09-20T08:50:36+00:00,2026-09-20T08:50:36+00:00,,https://alameda-health-system-careers.hctsportals.com/jobs/2227118-ahd-staff-nurse-ii
Alameda Health System::2226949,unapplied,,,Acute care required,SLH RN II,Part-time · $77.55–$99.46/hr,Alameda Health System,"13855 East 14th Street, San Leandro, CA",<30,Six months of experience as a Registered Nurse I with AHS or the equivalent of one year full-time recent experience at a comparable level in a minimum 100-bed hospital or in the area of specialty;,,2026-09-20T08:50:36+00:00,2026-09-20T08:50:36+00:00,,https://alameda-health-system-careers.hctsportals.com/jobs/2226949-slh-rn-ii
Alameda Health System::2226929,unapplied,,,Acute care required,SLH RN II,$96.94–$124.33/hr,Alameda Health System,"13855 East 14th Street, San Leandro, CA",<30,Six months experience as a Registered Nurse I with AHS or the equivalent of one year full time recent experience at a comparable level in a minimum 100-bed hospital or in the area of specialty;,,2026-09-20T08:50:36+00:00,2026-09-20T08:50:36+00:00,,https://alameda-health-system-careers.hctsportals.com/jobs/2226929-slh-rn-ii
Alameda Health System::2226540,unapplied,,,Acute care required,Clinical Nurse III,$81.94/hr,Alameda Health System,"1411 East 31st Street, Oakland, CA",<30,(NOTE: a Bachelor's Degree in Nursing from an accredited school may be substituted for one year of the required experience.) Required License/Certifications: CCRN - Critical Care Registered Nurse is d,,2026-09-20T08:50:36+00:00,2026-09-20T08:50:36+00:00,,https://alameda-health-system-careers.hctsportals.com/jobs/2226540-clinical-nurse-iii
Alameda Health System::2226505,unapplied,,,Acute care required,CN II - Ambulatory Procedural Nurse,$78.14/hr,Alameda Health System,"1411 East 31st Street, Oakland, CA",<30,Six months experience as a Clinical Nurse I with AHS or the equivalent of one year full time recent experience at a comparable level in an acute care hospital or in the area of specialty;,,2026-09-20T08:50:36+00:00,2026-09-20T08:50:36+00:00,,https://alameda-health-system-careers.hctsportals.com/jobs/2226505-cn-ii-ambulatory-procedural-nurse
Alameda Health System::2226504,unapplied,,,Acute care required,CN II - Ambulatory Procedural Nurse,$78.14/hr,Alameda Health System,"1411 East 31st Street, Oakland, CA",<30,Six months experience as a Clinical Nurse I with AHS or the equivalent of one year full time recent experience at a comparable level in an acute care hospital or in the area of specialty;,,2026-09-20T08:50:36+00:00,2026-09-20T08:50:36+00:00,,https://alameda-health-system-careers.hctsportals.com/jobs/2226504-cn-ii-ambulatory-procedural-nurse
Alameda Health System::2226503,unapplied,,,Acute care required,CN II - Ambulatory Procedural Nurse,$89.87/hr,Alameda Health System,"1411 East 31st Street, Oakland, CA",<30,Six months experience as a Clinical Nurse I with AHS or the equivalent of one year full time recent experience at a comparable level in an acute care hospital or in the area of specialty;,,2026-09-20T08:50:36+00:00,2026-09-20T08:50:36+00:00,,https://alameda-health-system-careers.hctsportals.com/jobs/2226503-cn-ii-ambulatory-procedural-nurse
Alameda Health System::2226466,unapplied,,,Acute care required,Clinical Nurse II,$78.14/hr,Alameda Health System,"1411 East 31st Street, Oakland, CA",<30,Six months experience as a Clinical Nurse I with AHS or the equivalent of one year full time recent experience at a comparable level in a minimum 100-bed hospital or in the area of specialty;,,2026-09-20T08:50:36+00:00,2026-09-20T08:50:36+00:00,,https://alameda-health-system-careers.hctsportals.com/jobs/2226466-clinical-nurse-ii
Alameda Health System::2226463,unapplied,,,Acute care required,Clinical Nurse II,$78.14/hr,Alameda Health System,"1411 East 31st Street, Oakland, CA",<30,Six months experience as a Clinical Nurse I with AHS or the equivalent of one year full time recent experience at a comparable level in a minimum 100-bed hospital or in the area of specialty;,,2026-09-20T08:50:36+00:00,2026-09-20T08:50:36+00:00,,https://alameda-health-system-careers.hctsportals.com/jobs/2226463-clinical-nurse-ii
Alameda Health System::2225711,unapplied,,,Acute care required,Clinical Nurse II,Full-time · $78.14/hr,Alameda Health System,"1411 East 31st Street, Oakland, CA",<30,Six months experience as a Clinical Nurse I with AHS or the equivalent of one year full time recent experience at a comparable level in a minimum 100-bed hospital or in the area of specialty;,,2026-09-20T08:50:36+00:00,2026-09-20T08:50:36+00:00,,https://alameda-health-system-careers.hctsportals.com/jobs/2225711-clinical-nurse-ii
Alameda Health System::2225710,unapplied,,,Acute care required,Clinical Nurse II,Full-time · $78.14/hr,Alameda Health System,"1411 East 31st Street, Oakland, CA",<30,Six months experience as a Clinical Nurse I with AHS or the equivalent of one year full time recent experience at a comparable level in a minimum 100-bed hospital or in the area of specialty;,,2026-09-20T08:50:36+00:00,2026-09-20T08:50:36+00:00,,https://alameda-health-system-careers.hctsportals.com/jobs/2225710-clinical-nurse-ii
Alameda Health System::2211039,unapplied,,,Acute care required,Clinical Nurse II,Full-time · $74.07/hr,Alameda Health System,"1411 East 31st Street, Oakland, CA",<30,Six months experience as a Clinical Nurse I with AHS or the equivalent of one year full time recent experience at a comparable level in a minimum 100-bed hospital or in the area of specialty;,,2026-09-20T08:50:36+00:00,2026-09-20T08:50:36+00:00,,https://alameda-health-system-careers.hctsportals.com/jobs/2211039-clinical-nurse-ii
John Muir Health::JR0017866,unapplied,,,Acute care required,RN - WCMC Emergency Services - Full Time - 12 Hour - Nights,Full-time · Nights · $87.06–$118.62/hr,John Muir Health,Walnut Creek,<30,1 year Nursing - Emergency - Required or 1 year Nursing - Critical Care may be considered in lieu of ER experience or 1 year Nursing – Medical Acute Care and Previous Emergency Department cross-traine,2026-09-15,2026-09-20T08:50:36+00:00,2026-09-20T08:50:36+00:00,,https://jmh.wd5.myworkdayjobs.com/JohnMuirHealthCareers/job/Walnut-Creek/RN---WCMC-Emergency-Services---Full-Time---12-Hour---Nights_JR0017866
St. Rose Hospital::STROS458309,unapplied,,,Acute care required,RN - CATH LAB 31,Acute hospital · Per diem · $85.43–$105.07/hr,St. Rose Hospital,"Hayward, CA",<30,**Required educational levels call for proof at time of hire Experience Proper training in a Cardiovascular Lab and (1) years of previous experience in ICU/CCU or emergency CCRN.,,2026-09-20T08:50:36+00:00,2026-09-20T08:50:36+00:00,,https://app.smarthires.com/showempjob.htm?viewId=wYottkWWw5I%3D
St. Rose Hospital::STROS693595,unapplied,,,Acute care required,RN - Skilled Nursing Facility 37,Acute hospital · Per diem · $55.26–$64.13/hr,St. Rose Hospital,"Hayward, CA",<30,Previous six months experience in Acute Care hospital experience or Long Term Care.,,2026-09-20T08:50:36+00:00,2026-09-20T08:50:36+00:00,,https://app.smarthires.com/showempjob.htm?viewId=jU4AKnsmu%2Bk%3D
St. Rose Hospital::STROS550479,unapplied,,,Acute care required,RN - Subacute Unit 28,Acute hospital · Full-time · NOC · $55.26–$64.13/hr,St. Rose Hospital,"Hayward, CA",<30,Previous six months experience in Acute Care hospital experience or Long Term Care.,,2026-09-20T08:50:36+00:00,2026-09-20T08:50:36+00:00,,https://app.smarthires.com/showempjob.htm?viewId=idVUn52pgAQ%3D
Sutter Health::R-139962,unapplied,,,Acute care required,Staff Nurse II - Emergency Department,Part-time · Varied · $89.55–$104.14/hr,Sutter Health,San Francisco,<30,2 years of recent ED experience,2026-09-03,2026-09-20T08:50:36+00:00,2026-09-20T08:50:36+00:00,,https://wd1.myworkdaysite.com/recruiting/sutterhealth/SH/job/San-Francisco/Staff-Nurse-II---Emergency-Department_R-139962
Sutter Health::R-139542,unapplied,,,Acute care required,Staff Nurse II - Emergency Department,Full-time · Days · $89.55–$104.14/hr,Sutter Health,San Francisco,<30,2 years of recent ED experience,2026-08-28,2026-09-20T08:50:36+00:00,2026-09-20T08:50:36+00:00,,https://wd1.myworkdaysite.com/recruiting/sutterhealth/SH/job/San-Francisco/Staff-Nurse-II---Emergency-Department_R-139542
UCSF Health::8896,unapplied,,,Acute care required,"Registered Nurse - IR (FT, 10hr day shift, CB)",Full-time · Day,UCSF Health,"San Francisco, CA",<30,"2 years experience in either IR, ICU, ED, PACU, or procedural area.",2026-09-17,2026-09-20T08:50:36+00:00,2026-09-20T08:50:36+00:00,,https://iazuqy.fa.ocs.oraclecloud.com/hcmUI/CandidateExperience/en/sites/CX_1/job/8896
UCSF Health::8983,unapplied,,,Acute care required,"Registered Nurse - IR ( FT, 8hr day shift)- Radiology cardiac stress test/pacemaker",Full-time · Day,UCSF Health,"San Francisco, CA",<30,Recent five (5) years of experience as a clinical nurse in hospital setting .,2026-09-18,2026-09-20T08:50:36+00:00,2026-09-20T08:50:36+00:00,,https://iazuqy.fa.ocs.oraclecloud.com/hcmUI/CandidateExperience/en/sites/CX_1/job/8983
UCSF Health::8984,unapplied,,,Acute care required,Registered Nurse - NICU (BCH-Oakland),Full-time,UCSF Health,"Oakland, CA",<30,Required Qualifications: Minimum two (2) years of recent clinical RN experience in a level III Intensive Care Nursery with a surgical patient population.,2026-09-17,2026-09-20T08:50:36+00:00,2026-09-20T08:50:36+00:00,,https://iazuqy.fa.ocs.oraclecloud.com/hcmUI/CandidateExperience/en/sites/CX_1/job/8984
UCSF Health::9038,unapplied,,,Acute care required,"Registered Nurse - IR (FT, 10hr day shift)",Full-time · Day,UCSF Health,"San Francisco, CA",<30,"2 years experience in either IR, ICU, ED, PACU, or procedural area.",2026-09-17,2026-09-20T08:50:36+00:00,2026-09-20T08:50:36+00:00,,https://iazuqy.fa.ocs.oraclecloud.com/hcmUI/CandidateExperience/en/sites/CX_1/job/9038
UCSF Health::9076,unapplied,,,Acute care required,Registered Nurse - UCSF Pediatric Perioperative Resource Team,Full-time,UCSF Health,"Oakland, CA",<30,Required Qualifications: Three (3) years recent full-time inpatient Operating Room (OR) RN clinical experience.,2026-09-17,2026-09-20T08:50:36+00:00,2026-09-20T08:50:36+00:00,,https://iazuqy.fa.ocs.oraclecloud.com/hcmUI/CandidateExperience/en/sites/CX_1/job/9076
UCSF Health::9098,unapplied,,,Acute care required,"Registered Nurse - IR (FT, 8 hr day shift and weekends, PCMB)",Full-time · Day,UCSF Health,"San Francisco, CA",<30,"2 years experience in either IR, ICU, ED, PACU, or procedural area.",2026-09-17,2026-09-20T08:50:36+00:00,2026-09-20T08:50:36+00:00,,https://iazuqy.fa.ocs.oraclecloud.com/hcmUI/CandidateExperience/en/sites/CX_1/job/9098
UCSF Health::9121,unapplied,,,Acute care required,Registered Nurse - Ambulatory Cardiology,Full-time,UCSF Health,"San Francisco, CA",<30,"Minimum of one (1) year recent experience of cardiac telemetry, pacemaker and cardiac device nursing care or equivalent.",2026-09-17,2026-09-20T08:50:36+00:00,2026-09-20T08:50:36+00:00,,https://iazuqy.fa.ocs.oraclecloud.com/hcmUI/CandidateExperience/en/sites/CX_1/job/9121
UCSF Health::9201,unapplied,,,Acute care required,"Registered Nurse - IR (FT, 8hr, evening shift, Parnassus)",Full-time · Evening,UCSF Health,"San Francisco, CA",<30,"2 years experience in either IR, ICU, ED, PACU, or procedural area.",2026-09-18,2026-09-20T08:50:36+00:00,2026-09-20T08:50:36+00:00,,https://iazuqy.fa.ocs.oraclecloud.com/hcmUI/CandidateExperience/en/sites/CX_1/job/9201
UCSF Health::9292,unapplied,,,Acute care required,Registered Nurse - Pediatric OR (BCH-Mission Bay),,UCSF Health,"San Francisco, CA",<30,Required Qualifications: One year recent full time inpatient Operating Room (OR) RN clinical experience.,2026-09-19,2026-09-20T08:50:36+00:00,2026-09-20T08:50:36+00:00,,https://iazuqy.fa.ocs.oraclecloud.com/hcmUI/CandidateExperience/en/sites/CX_1/job/9292
UCSF Health::9294,unapplied,,,Acute care required,Registered Nurse - Pediatric OR (BCH-Mission Bay),,UCSF Health,"San Francisco, CA",<30,Required Qualifications: One year recent full time inpatient Operating Room (OR) RN clinical experience.,2026-09-19,2026-09-20T08:50:36+00:00,2026-09-20T08:50:36+00:00,,https://iazuqy.fa.ocs.oraclecloud.com/hcmUI/CandidateExperience/en/sites/CX_1/job/9294
UCSF Health::7152,unapplied,,,Acute care required,Registered Nurse - PCICU - BCH (Mission Bay),Full-time,UCSF Health,"San Francisco, CA",<30,Required Qualifications: A minimum of two (2) years of recent RN experience in a Pediatric Cardiac ICU.,2026-09-11,2026-09-20T08:50:36+00:00,2026-09-20T08:50:36+00:00,,https://iazuqy.fa.ocs.oraclecloud.com/hcmUI/CandidateExperience/en/sites/CX_1/job/7152
UCSF Health::2741,unapplied,,,Acute care required,Registered Nurse - Pediatric Med-Surg - C5 (Night),,UCSF Health,"San Francisco, CA",<30,"Required Qualifications: Minimum of 3 years inpatient RN experience with pediatric medical-surgical patients, specifically patients with acute and chronic respiratory, GI disorders, epilepsy, rehab, i",2026-08-28,2026-09-20T08:50:36+00:00,2026-09-20T08:50:36+00:00,,https://iazuqy.fa.ocs.oraclecloud.com/hcmUI/CandidateExperience/en/sites/CX_1/job/2741
UCSF Health::3490,unapplied,,,Acute care required,Registered Nurse - Electrocardiography,,UCSF Health,"San Francisco, CA",<30,"Required Qualifications: Two years experience performing exercise/treadmill stress echocardiography tests, or f ive years RN clinical experience working in adult Critical Care ICU, CCU, Cath/EP lab, E",2026-08-24,2026-09-20T08:50:36+00:00,2026-09-20T08:50:36+00:00,,https://iazuqy.fa.ocs.oraclecloud.com/hcmUI/CandidateExperience/en/sites/CX_1/job/3490
UCSF Health::7386,unapplied,,,Acute care required,NURSE PRACT 2,Full-time,UCSF Health,"San Francisco, CA",<30,"Physician Assistant (less than five (5) years of experience as a PA): Clinical rotation with cardiac surgery within OR, ICU & floor setting.",2026-08-25,2026-09-20T08:50:36+00:00,2026-09-20T08:50:36+00:00,,https://iazuqy.fa.ocs.oraclecloud.com/hcmUI/CandidateExperience/en/sites/CX_1/job/7386
UCSF Health::7021,unapplied,,,Acute care required,NURSE PRACT 2,Full-time,UCSF Health,"San Francisco, CA",<30,"Four years or greater NP experience in inpatient Obstetrics within the past five years, including managing patients independently.",2026-08-13,2026-09-20T08:50:36+00:00,2026-09-20T08:50:36+00:00,,https://iazuqy.fa.ocs.oraclecloud.com/hcmUI/CandidateExperience/en/sites/CX_1/job/7021
UCSF Health::7956,unapplied,,,Acute care required,Process Improvement Nurse - Children's Surgery Program,Full-time,UCSF Health,"Oakland, CA",<30,Required Qualifications: Minimum of 4 years' experience in a children's hospital setting with a surgical or critical care focus.,2026-08-25,2026-09-20T08:50:36+00:00,2026-09-20T08:50:36+00:00,,https://iazuqy.fa.ocs.oraclecloud.com/hcmUI/CandidateExperience/en/sites/CX_1/job/7956
MarinHealth::15220 - AK336,unapplied,,,Level II role,"Clinical RN II, Cardiac Specialty Care, Part-Time, (36 hour Week), Nights",Part-time · Nights · $93.17–$119.18/hr,MarinHealth,"Greenbrae, CA",30-60,"Clinical RN II, Cardiac Specialty Care, Part-Time, (36 hour Week), Nights",2026-09-17,2026-09-20T08:50:36+00:00,2026-09-20T08:50:36+00:00,,https://mymarinhealth.wd5.myworkdayjobs.com/MHCareers/job/Greenbrae-CA/Clinical-RN-II--Cardiac-Specialty-Care--Part-Time---36-hour-Week---Nights_JR102306
MarinHealth::15221 - AK362,unapplied,,,Level II role,"Clinical RN II, Cardiac Specialty Care, Part-Time, (36 hour Week), Nights",Part-time · Nights · $93.17–$119.18/hr,MarinHealth,"Greenbrae, CA",30-60,"Clinical RN II, Cardiac Specialty Care, Part-Time, (36 hour Week), Nights",2026-09-17,2026-09-20T08:50:36+00:00,2026-09-20T08:50:36+00:00,,https://mymarinhealth.wd5.myworkdayjobs.com/MHCareers/job/Greenbrae-CA/Clinical-RN-II--Cardiac-Specialty-Care--Part-Time---36-hour-Week---Nights_JR102307
MarinHealth::15214 - AB316,unapplied,,,Level II role,"Clinical RN II, Emergency Department, Part-Time, (36 Hour Week), Nights",Part-time · Nights · $93.17–$119.18/hr,MarinHealth,"Greenbrae, CA",30-60,"Clinical RN II, Emergency Department, Part-Time, (36 Hour Week), Nights",2026-09-17,2026-09-20T08:50:36+00:00,2026-09-20T08:50:36+00:00,,https://mymarinhealth.wd5.myworkdayjobs.com/MHCareers/job/Greenbrae-CA/Clinical-RN-II--Emergency-Department--Part-Time---36-Hour-Week---Nights_JR102304
MarinHealth::15201 - BB121,unapplied,,,Level II role,"Clinical RN II, Post Anesthesia Care Unit, Full-Time, Days",Full-time · Days · $93.17–$119.18/hr,MarinHealth,"Greenbrae, CA",30-60,"Clinical RN II, Post Anesthesia Care Unit, Full-Time, Days",2026-09-17,2026-09-20T08:50:36+00:00,2026-09-20T08:50:36+00:00,,https://mymarinhealth.wd5.myworkdayjobs.com/MHCareers/job/Greenbrae-CA/Clinical-RN-II--Post-Anesthesia-Care-Unit--Full-Time--Days_JR102300
MarinHealth::15067 - AK323,unapplied,,,Level II role,"Clinical RN II, Intensive Care, Part-Time, (36 Hour Week), Nights",Part-time · Nights · $93.17–$119.18/hr,MarinHealth,"Greenbrae, CA",30-60,"Clinical RN II, Intensive Care, Part-Time, (36 Hour Week), Nights",2026-09-15,2026-09-20T08:50:36+00:00,2026-09-20T08:50:36+00:00,,https://mymarinhealth.wd5.myworkdayjobs.com/MHCareers/job/Greenbrae-CA/Clinical-RN-II--Intensive-Care--Part-Time---36-Hour-Week---Nights_JR102132
MarinHealth::14509 - AC336,unapplied,,,Level II role,"Clinical RN II, Intensive Care, Part-Time, (36 Hour Week), Nights",Part-time · Nights · $86.13–$110.25/hr,MarinHealth,"Greenbrae, CA",30-60,"Clinical RN II, Intensive Care, Part-Time, (36 Hour Week), Nights",2026-09-15,2026-09-20T08:50:36+00:00,2026-09-20T08:50:36+00:00,,https://mymarinhealth.wd5.myworkdayjobs.com/MHCareers/job/Greenbrae-CA/Clinical-RN-II--Intensive-Care--Part-Time---36-Hour-Week---Nights_JR101499
MarinHealth::15045 - AC134,unapplied,,,Level II role,"Clinical RN II, Intensive Care, Part-Time, (36 Hour Week), Days",Part-time · Days · $93.17–$119.18/hr,MarinHealth,"Greenbrae, CA",30-60,"Clinical RN II, Intensive Care, Part-Time, (36 Hour Week), Days",2026-09-15,2026-09-20T08:50:36+00:00,2026-09-20T08:50:36+00:00,,https://mymarinhealth.wd5.myworkdayjobs.com/MHCareers/job/Greenbrae-CA/Clinical-RN-II--Intensive-Care--Part-Time---36-Hour-Week---Days_JR102101
MarinHealth::15095 - AB145,unapplied,,,Level II role,"Clinical RN II, Emergency Department, Part-Time, (36 hour Week), Days",Part-time · Days · $93.17–$119.18/hr,MarinHealth,"Greenbrae, CA",30-60,"Clinical RN II, Emergency Department, Part-Time, (36 hour Week), Days",2026-09-15,2026-09-20T08:50:36+00:00,2026-09-20T08:50:36+00:00,,https://mymarinhealth.wd5.myworkdayjobs.com/MHCareers/job/Greenbrae-CA/Clinical-RN-II--Emergency-Department--Part-Time---36-hour-Week---Days_JR102166
MarinHealth::15172 - AS332,unapplied,,,Level II role,"Clinical RN II, Neonatal Intensive Care, Part-Time, (36 Hour Week), Nights",Part-time · Nights · $93.17–$119.18/hr,MarinHealth,"Greenbrae, CA",30-60,"Clinical RN II, Neonatal Intensive Care, Part-Time, (36 Hour Week), Nights",2026-09-03,2026-09-20T08:50:36+00:00,2026-09-20T08:50:36+00:00,,https://mymarinhealth.wd5.myworkdayjobs.com/MHCareers/job/Greenbrae-CA/Clinical-RN-II--Neonatal-Intensive-Care--Part-Time---36-Hour-Week---Nights_JR102256
MarinHealth::15158 - AL105,unapplied,,,Level II role,"Clinical RN II, Nursing Float Pool Critical Care Units, Part-Time, (36 Hour Week), Days",Part-time · Days · $93.17–$119.18/hr,MarinHealth,"Greenbrae, CA",30-60,"Clinical RN II, Nursing Float Pool Critical Care Units, Part-Time, (36 Hour Week), Days",2026-09-01,2026-09-20T08:50:36+00:00,2026-09-20T08:50:36+00:00,,https://mymarinhealth.wd5.myworkdayjobs.com/MHCareers/job/Greenbrae-CA/Clinical-RN-II--Nursing-Float-Pool--Part-Time---36-Hour-Week---Days_JR102230
MarinHealth::15150 - AK348,unapplied,,,Level II role,"Clinical RN II, Cardiac Specialty Care, Part-Time, (36 Hour Week), Nights",Part-time · Nights · $93.17–$119.18/hr,MarinHealth,"Greenbrae, CA",30-60,"Clinical RN II, Cardiac Specialty Care, Part-Time, (36 Hour Week), Nights",2026-08-27,2026-09-20T08:50:36+00:00,2026-09-20T08:50:36+00:00,,https://mymarinhealth.wd5.myworkdayjobs.com/MHCareers/job/Greenbrae-CA/Clinical-RN-II--Cardiac-Specialty-Care--Part-Time---36-Hour-Week---Nights_JR102223
MarinHealth::15152 - AB304,unapplied,,,Level II role,"Clinical RN II, Emergency Department, Part-Time, (36 Hour Week), Nights",Part-time · Nights · $93.17–$119.18/hr,MarinHealth,"Greenbrae, CA",30-60,"Clinical RN II, Emergency Department, Part-Time, (36 Hour Week), Nights",2026-08-27,2026-09-20T08:50:36+00:00,2026-09-20T08:50:36+00:00,,https://mymarinhealth.wd5.myworkdayjobs.com/MHCareers/job/Greenbrae-CA/Clinical-RN-II--Emergency-Department--Part-Time---36-Hour-Week---Nights_JR102224
MarinHealth::15155 - AN334,unapplied,,,Level II role,"Clinical RN II, Medical and Surgical Care, Part-Time, (36 Hour Week), Nights",Part-time · Nights · $93.17–$119.18/hr,MarinHealth,"Greenbrae, CA",30-60,"Clinical RN II, Medical and Surgical Care, Part-Time, (36 Hour Week), Nights",2026-08-27,2026-09-20T08:50:36+00:00,2026-09-20T08:50:36+00:00,,https://mymarinhealth.wd5.myworkdayjobs.com/MHCareers/job/Greenbrae-CA/Clinical-RN-II--Medical-and-Surgical-Care--Part-Time---36-Hour-Week---Nights_JR102227
MarinHealth::15156 - AN308,unapplied,,,Level II role,"Clinical RN II, Medical and Surgical Care, Part-Time, (36 Hour Week), Nights",Part-time · Nights · $93.17–$119.18/hr,MarinHealth,"Greenbrae, CA",30-60,"Clinical RN II, Medical and Surgical Care, Part-Time, (36 Hour Week), Nights",2026-08-27,2026-09-20T08:50:36+00:00,2026-09-20T08:50:36+00:00,,https://mymarinhealth.wd5.myworkdayjobs.com/MHCareers/job/Greenbrae-CA/Clinical-RN-II--Medical-and-Surgical-Care--Part-Time---36-Hour-Week---Nights_JR102228
MarinHealth::14777 - AUTBD,unapplied,,,Level II role,"Utilization Review RN II, Care Coordination, Full-Time, Days",Full-time · Days · $66.03–$99.04/hr,MarinHealth,"Greenbrae, CA",30-60,"Utilization Review RN II, Care Coordination, Full-Time, Days",2026-08-10,2026-09-20T08:50:36+00:00,2026-09-20T08:50:36+00:00,,https://mymarinhealth.wd5.myworkdayjobs.com/MHCareers/job/Greenbrae-CA/Utilization-Review-RN-II--Care-Coordination--Full-Time--Days_JR101775-1
MarinHealth::15043 - AK353,unapplied,,,Level II role,"Clinical RN II, Cardiac Specialty Care, Part-Time, (36 Hour Week), Nights",Part-time · Nights · $93.17–$119.18/hr,MarinHealth,"Greenbrae, CA",30-60,"Clinical RN II, Cardiac Specialty Care, Part-Time, (36 Hour Week), Nights",2026-08-03,2026-09-20T08:50:36+00:00,2026-09-20T08:50:36+00:00,,https://mymarinhealth.wd5.myworkdayjobs.com/MHCareers/job/Greenbrae-CA/Clinical-RN-II--Cardiac-Specialty-Care--Part-Time---36-Hour-Week---Nights_JR102099
NorthBay Health::4976,unapplied,,,Level II role,"Clinical Nurse II - NBMC Operating Room (Part Time, Day 1100-1930)",Part-time,NorthBay Health,"Fairfield, CA",30-60,"Clinical Nurse II - NBMC Operating Room (Part Time, Day 1100-1930)",2026-05-01,2026-09-20T08:50:36+00:00,2026-09-20T08:50:36+00:00,,https://erou.fa.us2.oraclecloud.com/hcmUI/CandidateExperience/en/sites/CX_1/job/4976
NorthBay Health::4978,unapplied,,,Level II role,"Clinical Nurse II - Operating Room (Part Time, Night)",Part-time,NorthBay Health,"Fairfield, CA",30-60,"Clinical Nurse II - Operating Room (Part Time, Night)",2026-04-17,2026-09-20T08:50:36+00:00,2026-09-20T08:50:36+00:00,,https://erou.fa.us2.oraclecloud.com/hcmUI/CandidateExperience/en/sites/CX_1/job/4978
NorthBay Health::5575,unapplied,,,Level II role,"Clinical Nurse II - Intensive Care Unit (Full Time, Night)",Full-time,NorthBay Health,"Fairfield, CA",30-60,"Clinical Nurse II - Intensive Care Unit (Full Time, Night)",2026-08-26,2026-09-20T08:50:36+00:00,2026-09-20T08:50:36+00:00,,https://erou.fa.us2.oraclecloud.com/hcmUI/CandidateExperience/en/sites/CX_1/job/5575
NorthBay Health::5604,unapplied,,,Level II role,"Clinical Nurse II - Operating Room (Part-Time, Day)",Part-time,NorthBay Health,"Fairfield, CA",30-60,"Clinical Nurse II - Operating Room (Part-Time, Day)",2026-08-14,2026-09-20T08:50:36+00:00,2026-09-20T08:50:36+00:00,,https://erou.fa.us2.oraclecloud.com/hcmUI/CandidateExperience/en/sites/CX_1/job/5604
NorthBay Health::5673,unapplied,,,Level II role,"Clinical Nurse II - Intensive Care Unit (Full Time, Night)",Full-time,NorthBay Health,"Fairfield, CA",30-60,"Clinical Nurse II - Intensive Care Unit (Full Time, Night)",2026-08-28,2026-09-20T08:50:36+00:00,2026-09-20T08:50:36+00:00,,https://erou.fa.us2.oraclecloud.com/hcmUI/CandidateExperience/en/sites/CX_1/job/5673
Sutter Health::R-138310,unapplied,,,Level II role,"Staff Nurse II, Medical-Surgical Neurology",Full-time · Evenings · $83.66–$113.22/hr,Sutter Health,Burlingame,30-60,"Staff Nurse II, Medical-Surgical Neurology",2026-09-18,2026-09-20T08:50:36+00:00,2026-09-20T08:50:36+00:00,,https://wd1.myworkdaysite.com/recruiting/sutterhealth/SH/job/Burlingame/Staff-Nurse-II--Medical-Surgical-Neurology_R-138310-1
Sutter Health::R-141211,unapplied,,,Level II role,"Clinic Nurse II, Neuroscience",Part-time · Days · $71.72–$100.40/hr,Sutter Health,Fairfield (+2 more),30-60,"Clinic Nurse II, Neuroscience",2026-09-18,2026-09-20T08:50:36+00:00,2026-09-20T08:50:36+00:00,,https://wd1.myworkdaysite.com/recruiting/sutterhealth/SH/job/Sacramento/Clinic-Nurse-II--Neuroscience_R-141211
Sutter Health::R-140372,unapplied,,,Level II role,"Registered Nurse II, Oncology Per Diem",Per diem · Days · $86.27–$120.77/hr,Sutter Health,San Mateo,30-60,"Registered Nurse II, Oncology Per Diem",2026-09-17,2026-09-20T08:50:36+00:00,2026-09-20T08:50:36+00:00,,https://wd1.myworkdaysite.com/recruiting/sutterhealth/SH/job/San-Mateo/Registered-Nurse-II--Oncology-Per-Diem_R-140372-1
Sutter Health::R-141084,unapplied,,,Level II role,"Registered Nurse II, Endoscopy",Full-time · Days · $66.40–$90.82/hr,Sutter Health,Tracy,30-60,"Registered Nurse II, Endoscopy",2026-09-17,2026-09-20T08:50:36+00:00,2026-09-20T08:50:36+00:00,,https://wd1.myworkdaysite.com/recruiting/sutterhealth/SH/job/Tracy/Registered-Nurse-II--Endoscopy_R-141084
Sutter Health::R-140401,unapplied,,,Level II role,"Registered Nurse II, Infusion",Full-time · Days · $66.40–$90.82/hr,Sutter Health,Tracy,30-60,"Registered Nurse II, Infusion",2026-09-14,2026-09-20T08:50:36+00:00,2026-09-20T08:50:36+00:00,,https://wd1.myworkdaysite.com/recruiting/sutterhealth/SH/job/Tracy/Registered-Nurse-II--Infusion_R-140401
Sutter Health::R-140200,unapplied,,,Level II role,"Staff Nurse II, Psychiatric Emergency Services",Part-time · Nights · $83.66–$113.22/hr,Sutter Health,Burlingame,30-60,"Staff Nurse II, Psychiatric Emergency Services",2026-09-11,2026-09-20T08:50:36+00:00,2026-09-20T08:50:36+00:00,,https://wd1.myworkdaysite.com/recruiting/sutterhealth/SH/job/Burlingame/Staff-Nurse-II--Psychiatric-Emergency-Services_R-140200-1
Sutter Health::R-140091,unapplied,,,Level II role,"Registered Nurse II, Operating Room",Full-time · Days · $66.40–$90.82/hr,Sutter Health,Tracy,30-60,"Registered Nurse II, Operating Room",2026-09-09,2026-09-20T08:50:36+00:00,2026-09-20T08:50:36+00:00,,https://wd1.myworkdaysite.com/recruiting/sutterhealth/SH/job/Tracy/Registered-Nurse-II--Operating-Room_R-140091
Sutter Health::R-138190,unapplied,,,Level II role,"Staff Nurse II, OR Circulator",Full-time · Varied · $80.52–$108.95/hr,Sutter Health,Novato,30-60,"Staff Nurse II, OR Circulator",2026-09-08,2026-09-20T08:50:36+00:00,2026-09-20T08:50:36+00:00,,https://wd1.myworkdaysite.com/recruiting/sutterhealth/SH/job/Novato/Staff-Nurse-II--OR-Circulator_R-138190-1
Sutter Health::R-138205,unapplied,,,Level II role,"Staff Nurse II, OR Circulator",Part-time · Varied · $80.52–$108.95/hr,Sutter Health,Novato,30-60,"Staff Nurse II, OR Circulator",2026-09-08,2026-09-20T08:50:36+00:00,2026-09-20T08:50:36+00:00,,https://wd1.myworkdaysite.com/recruiting/sutterhealth/SH/job/Novato/Staff-Nurse-II--OR-Circulator_R-138205-1
San Joaquin County::0326-RH1102-AC,unapplied,,,Level II role,Staff Nurse II - Inpatient,S J General Hospital · Full-time · $2550/yr,San Joaquin County,French Camp,60-90,Staff Nurse II - Inpatient,,2026-09-20T08:50:36+00:00,2026-09-20T08:50:36+00:00,,https://www.jobapscloud.com/SJQ/sup/bulpreview.asp?b=&R1=0326&R2=RH1102&R3=AC
San Joaquin County::0326-RH1104-AC,unapplied,,,Level II role,Staff Nurse IV - Inpatient,S J General Hospital · Full-time · $2550/yr,San Joaquin County,French Camp,60-90,Staff Nurse IV - Inpatient,,2026-09-20T08:50:36+00:00,2026-09-20T08:50:36+00:00,,https://www.jobapscloud.com/SJQ/sup/bulpreview.asp?b=&R1=0326&R2=RH1104&R3=AC
Sutter Health::R-140585,unapplied,,,Level II role,"Ambulatory Services Nurse II, Operating Room",Part-time · Days · $71.73–$100.42/hr,Sutter Health,Sacramento,60-90,"Ambulatory Services Nurse II, Operating Room",2026-09-18,2026-09-20T08:50:36+00:00,2026-09-20T08:50:36+00:00,,https://wd1.myworkdaysite.com/recruiting/sutterhealth/SH/job/Sacramento/Ambulatory-Services-Nurse-II--Operating-Room_R-140585
Sutter Health::R-140392,unapplied,,,Level II role,"Ambulatory Services Nurse II, Operating Room",Full-time · Days · $86.27–$120.77/hr,Sutter Health,San Jose,60-90,"Ambulatory Services Nurse II, Operating Room",2026-09-17,2026-09-20T08:50:36+00:00,2026-09-20T08:50:36+00:00,,https://wd1.myworkdaysite.com/recruiting/sutterhealth/SH/job/San-Jose/Ambulatory-Services-Nurse-II--Operating-Room_R-140392-1
Sutter Health::R-140582,unapplied,,,Level II role,"Registered Nurse II, Pediatrics ICU / Peds CVICU",Full-time · Nights · $82.48–$115.46/hr,Sutter Health,Sacramento,60-90,"Registered Nurse II, Pediatrics ICU / Peds CVICU",2026-09-17,2026-09-20T08:50:36+00:00,2026-09-20T08:50:36+00:00,,https://wd1.myworkdaysite.com/recruiting/sutterhealth/SH/job/Sacramento/Registered-Nurse-II--Pediatrics-ICU---Peds-CVICU_R-140582
Sutter Health::R-140588,unapplied,,,Level II role,"Registered Nurse II, Pediatrics ICU",Full-time · Nights · $82.48–$115.46/hr,Sutter Health,Sacramento,60-90,"Registered Nurse II, Pediatrics ICU",2026-09-17,2026-09-20T08:50:36+00:00,2026-09-20T08:50:36+00:00,,https://wd1.myworkdaysite.com/recruiting/sutterhealth/SH/job/Sacramento/Registered-Nurse-II--Pediatrics-ICU_R-140588
Sutter Health::R-140463,unapplied,,,Level II role,"Registered Nurse II, Clinical Support Staff",Full-time · Nights · $82.48–$115.46/hr,Sutter Health,Sacramento,60-90,"Registered Nurse II, Clinical Support Staff",2026-09-16,2026-09-20T08:50:36+00:00,2026-09-20T08:50:36+00:00,,https://wd1.myworkdaysite.com/recruiting/sutterhealth/SH/job/Sacramento/Registered-Nurse-II--Clinical-Support-Staff_R-140463
Sutter Health::R-138220,unapplied,,,Level II role,"Registered Nurse II, Operating Room",Full-time · Varied · $82.48–$115.46/hr,Sutter Health,Sacramento,60-90,"Registered Nurse II, Operating Room",2026-09-16,2026-09-20T08:50:36+00:00,2026-09-20T08:50:36+00:00,,https://wd1.myworkdaysite.com/recruiting/sutterhealth/SH/job/Sacramento/Registered-Nurse-II--Operating-Room_R-138220
Sutter Health::R-139158,unapplied,,,Level II role,"Registered Nurse II, Heart Cath Holding Area",Full-time · Varied · $82.48–$115.46/hr,Sutter Health,Sacramento,60-90,"Registered Nurse II, Heart Cath Holding Area",2026-09-14,2026-09-20T08:50:36+00:00,2026-09-20T08:50:36+00:00,,https://wd1.myworkdaysite.com/recruiting/sutterhealth/SH/job/Sacramento/Registered-Nurse-II--Heart-Cath-Holding-Area_R-139158-1
Sutter Health::R-139578,unapplied,,,Level II role,"Ambulatory Services Nurse II, Operating Room",Full-time · Days · $71.73–$100.42/hr,Sutter Health,Sacramento,60-90,"Ambulatory Services Nurse II, Operating Room",2026-09-14,2026-09-20T08:50:36+00:00,2026-09-20T08:50:36+00:00,,https://wd1.myworkdaysite.com/recruiting/sutterhealth/SH/job/Sacramento/Ambulatory-Services-Nurse-II--PreOp---PACU_R-139578
Sutter Health::R-140581,unapplied,,,Level II role,"Ambulatory Services Nurse II, PreOp & PACU",Part-time · Days · $71.73–$100.42/hr,Sutter Health,Sacramento,60-90,"Ambulatory Services Nurse II, PreOp & PACU",2026-09-14,2026-09-20T08:50:36+00:00,2026-09-20T08:50:36+00:00,,https://wd1.myworkdaysite.com/recruiting/sutterhealth/SH/job/Sacramento/Ambulatory-Services-Nurse-II--PreOp---PACU_R-140581
Sutter Health::R-140217,unapplied,,,Level II role,"Ambulatory Services Nurse II, PreOp & PACU",Part-time · Days · $71.73–$100.42/hr,Sutter Health,Sacramento,60-90,"Ambulatory Services Nurse II, PreOp & PACU",2026-09-11,2026-09-20T08:50:36+00:00,2026-09-20T08:50:36+00:00,,https://wd1.myworkdaysite.com/recruiting/sutterhealth/SH/job/Sacramento/Ambulatory-Services-Nurse-II--PreOp---PACU_R-140217
Sutter Health::R-140399,unapplied,,,Level II role,"Registered Nurse III, Radiology Clinic",Full-time · Days · $78.89–$110.44/hr,Sutter Health,Modesto (+1 more),60-90,"Registered Nurse III, Radiology Clinic",2026-09-10,2026-09-20T08:50:36+00:00,2026-09-20T08:50:36+00:00,,https://wd1.myworkdaysite.com/recruiting/sutterhealth/SH/job/Modesto/Registered-Nurse-III--Radiology-Clinic_R-140399-1
Sutter Health::R-139074,unapplied,,,Level II role,"Registered Nurse II, Medical Acute GYN Services",Full-time · Nights · $82.48–$115.46/hr,Sutter Health,Sacramento,60-90,"Registered Nurse II, Medical Acute GYN Services",2026-09-10,2026-09-20T08:50:36+00:00,2026-09-20T08:50:36+00:00,,https://wd1.myworkdaysite.com/recruiting/sutterhealth/SH/job/Sacramento/Registered-Nurse-II--Medical-Acute-GYN-Services_R-139074
Sutter Health::R-132859,unapplied,,,Level II role,Home Health Wound care Nurse III,Full-time · Days · $0.00–$0.00/hr,Sutter Health,Salida,60-90,Home Health Wound care Nurse III,2026-06-16,2026-09-20T08:50:36+00:00,2026-09-20T08:50:36+00:00,,https://wd1.myworkdaysite.com/recruiting/sutterhealth/SH/job/Salida/Home-Health-Wound-care-Nurse-III_R-132859
County of Monterey::5032468,unapplied,,,Level II role,PUBLIC HEALTH NURSE II,Health,County of Monterey,Salinas,90-120,PUBLIC HEALTH NURSE II,2025-08-08,2026-09-20T08:50:36+00:00,2026-09-20T08:50:36+00:00,,https://www.governmentjobs.com/careers/montereycounty/jobs/5032468/public-health-nurse-ii
County of Monterey::4991640,unapplied,,,Level II role,PUBLIC HEALTH NURSE III,Health,County of Monterey,Salinas,90-120,PUBLIC HEALTH NURSE III,2025-07-07,2026-09-20T08:50:36+00:00,2026-09-20T08:50:36+00:00,,https://www.governmentjobs.com/careers/montereycounty/jobs/4991640/public-health-nurse-iii
Sutter Health::R-132431,unapplied,,,Level II role,"Registered Nurse II, Infusion",Full-time · Days · $76.40–$101.18/hr,Sutter Health,Roseville,90-120,"Registered Nurse II, Infusion",2026-09-18,2026-09-20T08:50:36+00:00,2026-09-20T08:50:36+00:00,,https://wd1.myworkdaysite.com/recruiting/sutterhealth/SH/job/Roseville/Registered-Nurse-II--Infusion_R-132431
Sutter Health::R-132435,unapplied,,,Level II role,"Registered Nurse II, Infusion",Full-time · Days · $76.40–$101.18/hr,Sutter Health,Roseville,90-120,"Registered Nurse II, Infusion",2026-09-18,2026-09-20T08:50:36+00:00,2026-09-20T08:50:36+00:00,,https://wd1.myworkdaysite.com/recruiting/sutterhealth/SH/job/Roseville/Registered-Nurse-II--Infusion_R-132435
Sutter Health::R-140195,unapplied,,,Level II role,"Staff Nurse II, Neonatal Intensive Care Unit",Part-time · Nights · $77.29–$102.55/hr,Sutter Health,Santa Rosa,90-120,"Staff Nurse II, Neonatal Intensive Care Unit",2026-09-18,2026-09-20T08:50:36+00:00,2026-09-20T08:50:36+00:00,,https://wd1.myworkdaysite.com/recruiting/sutterhealth/SH/job/Santa-Rosa/Staff-Nurse-II--Neonatal-Intensive-Care-Unit_R-140195-1
Sutter Health::R-140066,unapplied,,,Level II role,"Registered Nurse II, Interventional Radiology",Full-time · Days · $76.40–$101.18/hr,Sutter Health,Roseville,90-120,"Registered Nurse II, Interventional Radiology",2026-09-18,2026-09-20T08:50:36+00:00,2026-09-20T08:50:36+00:00,,https://wd1.myworkdaysite.com/recruiting/sutterhealth/SH/job/Roseville/Registered-Nurse-II--Interventional-Radiology_R-140066-1
Sutter Health::R-140985,unapplied,,,Level II role,"Ambulatory Services Nurse II, PreOp & PACU",Part-time · Varied · $71.73–$100.42/hr,Sutter Health,Roseville,90-120,"Ambulatory Services Nurse II, PreOp & PACU",2026-09-15,2026-09-20T08:50:36+00:00,2026-09-20T08:50:36+00:00,,https://wd1.myworkdaysite.com/recruiting/sutterhealth/SH/job/Roseville/Ambulatory-Services-Nurse-II--PreOp---PACU_R-140985
Sutter Health::R-140956,unapplied,,,Level II role,"Ambulatory Services Nurse II, Operating Room",Full-time · Varied · $71.73–$100.42/hr,Sutter Health,Roseville,90-120,"Ambulatory Services Nurse II, Operating Room",2026-09-15,2026-09-20T08:50:36+00:00,2026-09-20T08:50:36+00:00,,https://wd1.myworkdaysite.com/recruiting/sutterhealth/SH/job/Roseville/Ambulatory-Services-Nurse-II--Operating-Room_R-140956
Alameda Health System::2223179,unapplied,,,Level II role,Clinical Nurse II,Per diem · $89.87–$131.72/hr,Alameda Health System,"15400 Foothill Blvd, San Leandro, CA",<30,Clinical Nurse II,,2026-09-20T08:50:36+00:00,2026-09-20T08:50:36+00:00,,https://alameda-health-system-careers.hctsportals.com/jobs/2223179-clinical-nurse-ii
Sutter Health::R-131954,unapplied,,,Level II role,"Staff Nurse II, Chemical Dependency MPI",Part-time · Days · $81.26–$109.95/hr,Sutter Health,Oakland,<30,"Staff Nurse II, Chemical Dependency MPI",2026-09-18,2026-09-20T08:50:36+00:00,2026-09-20T08:50:36+00:00,,https://wd1.myworkdaysite.com/recruiting/sutterhealth/SH/job/Oakland/Staff-Nurse-II--Chemical-Dependency-MPI_R-131954-1
Sutter Health::R-140609,unapplied,,,Level II role,"Staff Nurse II, Infusion",Full-time · Days · $84.50–$114.34/hr,Sutter Health,San Francisco,<30,"Staff Nurse II, Infusion",2026-09-18,2026-09-20T08:50:36+00:00,2026-09-20T08:50:36+00:00,,https://wd1.myworkdaysite.com/recruiting/sutterhealth/SH/job/San-Francisco/Staff-Nurse-II--Infusion_R-140609-1
Sutter Health::R-140418,unapplied,,,Level II role,"Staff Nurse II, Pediatrics",Part-time · Nights · $84.50–$114.34/hr,Sutter Health,San Francisco,<30,"Staff Nurse II, Pediatrics",2026-09-18,2026-09-20T08:50:36+00:00,2026-09-20T08:50:36+00:00,,https://wd1.myworkdaysite.com/recruiting/sutterhealth/SH/job/San-Francisco/Staff-Nurse-II--Pediatrics_R-140418-1
Sutter Health::R-140433,unapplied,,,Level II role,"Staff Nurse II, NICU",Part-time · Nights · $81.26–$109.95/hr,Sutter Health,Berkeley,<30,"Staff Nurse II, NICU",2026-09-18,2026-09-20T08:50:36+00:00,2026-09-20T08:50:36+00:00,,https://wd1.myworkdaysite.com/recruiting/sutterhealth/SH/job/Berkeley/Staff-Nurse-II--NICU_R-140433-1
Sutter Health::R-140434,unapplied,,,Level II role,"Staff Nurse II, NICU",Part-time · Nights · $81.26–$109.95/hr,Sutter Health,Berkeley,<30,"Staff Nurse II, NICU",2026-09-18,2026-09-20T08:50:36+00:00,2026-09-20T08:50:36+00:00,,https://wd1.myworkdaysite.com/recruiting/sutterhealth/SH/job/Berkeley/Staff-Nurse-II--NICU_R-140434-1
Sutter Health::R-138990,unapplied,,,Level II role,"Staff Nurse II, ASU/PACU",Part-time · Varied · $84.50–$114.34/hr,Sutter Health,San Francisco,<30,"Staff Nurse II, ASU/PACU",2026-09-17,2026-09-20T08:50:36+00:00,2026-09-20T08:50:36+00:00,,https://wd1.myworkdaysite.com/recruiting/sutterhealth/SH/job/San-Francisco/Staff-Nurse-II--ASU-PACU_R-138990-1
Sutter Health::R-140943,unapplied,,,Level II role,"Ambulatory Services Nurse II, PreOp/PACU",Full-time · Day / Evening · $82.50–$115.49/hr,Sutter Health,San Leandro,<30,"Ambulatory Services Nurse II, PreOp/PACU",2026-09-17,2026-09-20T08:50:36+00:00,2026-09-20T08:50:36+00:00,,https://wd1.myworkdaysite.com/recruiting/sutterhealth/SH/job/San-Leandro/Ambulatory-Services-Nurse-II--PreOp-PACU_R-140943
Sutter Health::R-140478,unapplied,,,Level II role,"Staff Nurse II, Surgical Pre/Post Op",Part-time · Days · $81.26–$109.95/hr,Sutter Health,Oakland,<30,"Staff Nurse II, Surgical Pre/Post Op",2026-09-16,2026-09-20T08:50:36+00:00,2026-09-20T08:50:36+00:00,,https://wd1.myworkdaysite.com/recruiting/sutterhealth/SH/job/Oakland/Staff-Nurse-II--Surgical-Pre-Post-Op_R-140478-1
Sutter Health::R-140312,unapplied,,,Level II role,"Staff Nurse II, Surgery/Operating Room",Full-time · Days · $81.26–$109.95/hr,Sutter Health,Oakland,<30,"Staff Nurse II, Surgery/Operating Room",2026-09-16,2026-09-20T08:50:36+00:00,2026-09-20T08:50:36+00:00,,https://wd1.myworkdaysite.com/recruiting/sutterhealth/SH/job/Oakland/Staff-Nurse-II--Surgery-Operating-Room_R-140312-1
Sutter Health::R-140476,unapplied,,,Level II role,"Clinical Nurse II, OBGYN",Full-time · Days · $86.27–$120.77/hr,Sutter Health,San Francisco,<30,"Clinical Nurse II, OBGYN",2026-09-14,2026-09-20T08:50:36+00:00,2026-09-20T08:50:36+00:00,,https://wd1.myworkdaysite.com/recruiting/sutterhealth/SH/job/San-Francisco/Clinical-Nurse-II--OBGYN_R-140476-1
Sutter Health::R-140761,unapplied,,,Level II role,"Staff Nurse II, Surgery",Part-time · Days · $84.50–$114.34/hr,Sutter Health,San Francisco,<30,"Staff Nurse II, Surgery",2026-09-11,2026-09-20T08:50:36+00:00,2026-09-20T08:50:36+00:00,,https://wd1.myworkdaysite.com/recruiting/sutterhealth/SH/job/San-Francisco/Staff-Nurse-II--Surgery_R-140761
Sutter Health::R-139759,unapplied,,,Level II role,"Staff Nurse II, Interventional Radiology",Full-time · Days · $81.26–$109.95/hr,Sutter Health,Castro Valley,<30,"Staff Nurse II, Interventional Radiology",2026-09-11,2026-09-20T08:50:36+00:00,2026-09-20T08:50:36+00:00,,https://wd1.myworkdaysite.com/recruiting/sutterhealth/SH/job/Castro-Valley/Staff-Nurse-II--Interventional-Radiology_R-139759-1
Sutter Health::R-140082,unapplied,,,Level II role,"Staff Nurse II, Oncology PCU7",Part-time · Days · $81.26–$109.95/hr,Sutter Health,Oakland,<30,"Staff Nurse II, Oncology PCU7",2026-09-11,2026-09-20T08:50:36+00:00,2026-09-20T08:50:36+00:00,,https://wd1.myworkdaysite.com/recruiting/sutterhealth/SH/job/Oakland/Staff-Nurse-II--Oncology-PCU7_R-140082-1
Sutter Health::R-139683,unapplied,,,Level II role,"Staff Nurse II, Nursery",Part-time · Nights · $81.26–$109.95/hr,Sutter Health,Castro Valley,<30,"Staff Nurse II, Nursery",2026-09-10,2026-09-20T08:50:36+00:00,2026-09-20T08:50:36+00:00,,https://wd1.myworkdaysite.com/recruiting/sutterhealth/SH/job/Castro-Valley/Staff-Nurse-II--Nursery_R-139683-1
Sutter Health::R-139561,unapplied,,,Level II role,"Staff Nurse II, Transitional Intensive Care Unit",Part-time · Nights · $84.50–$114.34/hr,Sutter Health,San Francisco,<30,"Staff Nurse II, Transitional Intensive Care Unit",2026-09-09,2026-09-20T08:50:36+00:00,2026-09-20T08:50:36+00:00,,https://wd1.myworkdaysite.com/recruiting/sutterhealth/SH/job/San-Francisco/Staff-Nurse-II--Transitional-Intensive-Care-Unit_R-139561-1
Sutter Health::R-139429,unapplied,,,Level II role,"Staff Nurse II, 9 East Oncology",Part-time · Nights · $84.50–$114.34/hr,Sutter Health,San Francisco,<30,"Staff Nurse II, 9 East Oncology",2026-09-09,2026-09-20T08:50:36+00:00,2026-09-20T08:50:36+00:00,,https://wd1.myworkdaysite.com/recruiting/sutterhealth/SH/job/San-Francisco/Staff-Nurse-II--9-East-Oncology_R-139429-1
Sutter Health::R-139788,unapplied,,,Level II role,"Staff Nurse II, Electrophysiology",Part-time · Days · $84.50–$114.34/hr,Sutter Health,San Francisco,<30,"Staff Nurse II, Electrophysiology",2026-09-09,2026-09-20T08:50:36+00:00,2026-09-20T08:50:36+00:00,,https://wd1.myworkdaysite.com/recruiting/sutterhealth/SH/job/San-Francisco/Staff-Nurse-II--Electrophysiology_R-139788-1
Sutter Health::R-139598,unapplied,,,Level II role,"Staff Nurse II, Emergency Services",Part-time · Nights · $84.50–$114.34/hr,Sutter Health,San Francisco,<30,"Staff Nurse II, Emergency Services",2026-09-09,2026-09-20T08:50:36+00:00,2026-09-20T08:50:36+00:00,,https://wd1.myworkdaysite.com/recruiting/sutterhealth/SH/job/San-Francisco/Staff-Nurse-II--Emergency-Services_R-139598-1
Sutter Health::R-139570,unapplied,,,Level II role,"Staff Nurse II, Emergency Services",Part-time · Nights · $84.50–$114.34/hr,Sutter Health,San Francisco,<30,"Staff Nurse II, Emergency Services",2026-09-09,2026-09-20T08:50:36+00:00,2026-09-20T08:50:36+00:00,,https://wd1.myworkdaysite.com/recruiting/sutterhealth/SH/job/San-Francisco/Staff-Nurse-II--Emergency-Services_R-139570-1
Sutter Health::R-136488,unapplied,,,Level II role,"Staff Nurse II, PICU",Part-time · Nights · $84.50–$114.34/hr,Sutter Health,San Francisco,<30,"Staff Nurse II, PICU",2026-09-09,2026-09-20T08:50:36+00:00,2026-09-20T08:50:36+00:00,,https://wd1.myworkdaysite.com/recruiting/sutterhealth/SH/job/San-Francisco/Staff-Nurse-II--PICU_R-136488-1
Sutter Health::R-139879,unapplied,,,Level II role,"Staff Nurse II, Intensive Care-Med/Surg",Part-time · Evenings · $81.26–$109.95/hr,Sutter Health,Berkeley,<30,"Staff Nurse II, Intensive Care-Med/Surg",2026-09-09,2026-09-20T08:50:36+00:00,2026-09-20T08:50:36+00:00,,https://wd1.myworkdaysite.com/recruiting/sutterhealth/SH/job/Berkeley/Staff-Nurse-II--Intensive-Care-Med-Surg_R-139879-1
Sutter Health::R-139881,unapplied,,,Level II role,"Staff Nurse II, Intensive Care-Med/Surg",Part-time · Evenings · $81.26–$109.95/hr,Sutter Health,Berkeley,<30,"Staff Nurse II, Intensive Care-Med/Surg",2026-09-09,2026-09-20T08:50:36+00:00,2026-09-20T08:50:36+00:00,,https://wd1.myworkdaysite.com/recruiting/sutterhealth/SH/job/Berkeley/Staff-Nurse-II--Intensive-Care-Med-Surg_R-139881-1
Sutter Health::R-139884,unapplied,,,Level II role,"Staff Nurse II, Intensive Care-Med/Surg",Part-time · Nights · $81.26–$109.95/hr,Sutter Health,Berkeley,<30,"Staff Nurse II, Intensive Care-Med/Surg",2026-09-09,2026-09-20T08:50:36+00:00,2026-09-20T08:50:36+00:00,,https://wd1.myworkdaysite.com/recruiting/sutterhealth/SH/job/Berkeley/Staff-Nurse-II--Intensive-Care-Med-Surg_R-139884-1
Sutter Health::R-139849,unapplied,,,Level II role,"Staff Nurse II, Emergency Services",Part-time · Evenings · $81.26–$109.95/hr,Sutter Health,Berkeley,<30,"Staff Nurse II, Emergency Services",2026-09-08,2026-09-20T08:50:36+00:00,2026-09-20T08:50:36+00:00,,https://wd1.myworkdaysite.com/recruiting/sutterhealth/SH/job/Berkeley/Staff-Nurse-II--Emergency-Services_R-139849-1
Sutter Health::R-135663,unapplied,,,Level II role,"Staff Nurse II, Nursery",Part-time · Days · $81.26–$109.95/hr,Sutter Health,Castro Valley,<30,"Staff Nurse II, Nursery",2026-09-04,2026-09-20T08:50:36+00:00,2026-09-20T08:50:36+00:00,,https://wd1.myworkdaysite.com/recruiting/sutterhealth/SH/job/Castro-Valley/Staff-Nurse-II--Nursery_R-135663-1
